Name,Team,Position,Points,Pts-Game,Pos-Rank,Drop-Off,Points-VOR,Rank
Deshaun Watson,HOU,QB,304.046,19.002875,2,5.544,35.098,51
Aaron Rodgers,GBP,QB,303.054,18.940875,3,10.013,34.106,53
Andrew Luck,IND,QB,293.95,18.371875,4,4.378,25.002,60
Cam Newton,CAR,QB,287.012,17.93825,6,7.934,18.064,68
Drew Brees,NOS,QB,280.69,17.543125,7,5.322,11.742,75
Russell Wilson,SEA,QB,277.466,17.341625,8,4.423,8.518,77
Dak Prescott,DAL,QB,272.816,17.051,10,2.274,3.868,88
Saquon Barkley,NYG,RB,271.42,16.96375,1,16.22,161.367,1
Ben Roethlisberger,PIT,QB,271.192,16.9495,11,1.423,2.244,90
Jameis Winston,TBB,QB,269.892,16.86825,12,1.416,0.944,93
Baker Mayfield,CLE,QB,269.646,16.852875,13,2.894,0.698,95
Tom Brady,NEP,QB,266.198,16.637375,15,4.5,-2.75,108
Carson Wentz,PHI,QB,263.612,16.47575,16,5.346,-5.336,122
Kirk Cousins,MIN,QB,259.784,16.2365,17,3.331,-9.164,138
Ezekiel Elliott,DAL,RB,258.8,16.175,2,8.58,148.747,2
Philip Rivers,LAC,QB,256.748,16.04675,18,3.539,-12.2,145
Mitchell Trubisky,CHI,QB,256.158,16.009875,19,7.762,-12.79,147
Christian McCaffrey,CAR,RB,251.6,15.725,3,12.38,141.547,3
Alvin Kamara,NOS,RB,248.84,15.5525,4,27.89,138.787,4
Kyler Murray,ARI,QB,246.532,15.40825,21,13.727,-22.416,179
Melvin Gordon,LAC,RB,229.6,14.35,5,18.225,119.547,5
Matthew Stafford,DET,QB,228.706,14.294125,23,8.104,-40.242,227
Andy Dalton,CIN,QB,215.348,13.45925,25,5.948,-53.6,258
Le'Veon Bell,NYJ,RB,212.3,13.26875,6,1.885,102.247,6
Todd Gurley,LAR,RB,210.45,13.153125,7,1.01,100.397,7
Marcus Mariota,TEN,QB,209.926,13.120375,26,2.566,-59.022,278
Sam Darnold,NYJ,QB,208.874,13.054625,27,10.309,-60.074,281
Julio Jones,ATL,WR,204.98,12.81125,1,2.435,100.007,9
DeAndre Hopkins,HOU,WR,203.96,12.7475,2,8.76,98.987,10
Davante Adams,GBP,WR,201.13,12.570625,3,14.445,96.157,12
Dalvin Cook,MIN,RB,195.95,12.246875,11,6.8,85.897,15
Derrick Henry,TEN,RB,192.12,12.0075,12,6.04,82.067,17
Eli Manning,NYG,QB,191.284,11.95525,29,47.538,-77.664,375
JuJu Smith-Schuster,PIT,WR,189.27,11.829375,4,5.62,84.297,16
Damien Williams,KCC,RB,185.98,11.62375,14,6.165,75.927,23
Antonio Brown,OAK,WR,184.1,11.50625,5,1.09,79.127,18
Odell Beckham,CLE,WR,181.7,11.35625,8,12.865,76.727,21
Leonard Fournette,JAC,RB,180.9,11.30625,15,3.855,70.847,24
Marlon Mack,IND,RB,173.54,10.84625,19,4.695,63.487,30
Keenan Allen,LAC,WR,169.3,10.58125,9,3.72,64.327,29
Joe Flacco,DEN,QB,169.068,10.56675,30,53.981,-99.88,509
T.Y. Hilton,IND,WR,168.37,10.523125,10,5.895,63.397,31
Kerryon Johnson,DET,RB,167.86,10.49125,21,3.315,57.807,34
Devonta Freeman,ATL,RB,165.85,10.365625,22,7.39,55.797,36
Sony Michel,NEP,RB,163.24,10.2025,23,10.605,53.187,40
Julian Edelman,NEP,WR,162.79,10.174375,11,1.595,57.817,33
Adam Thielen,MIN,WR,162.16,10.135,12,4.225,57.187,35
A.J. Green,CIN,WR,160.23,10.014375,13,6.105,55.257,38
Brandin Cooks,LAR,WR,155.64,9.7275,14,3.095,50.667,41
Kenyan Drake,MIA,RB,153.68,9.605,24,3.48,43.627,45
Amari Cooper,DAL,WR,152.48,9.53,16,5.495,47.507,43
George Kittle,SFO,TE,152.34,9.52125,2,23.715,68.637,26
Lamar Miller,HOU,RB,151.59,9.474375,25,5.5,41.537,46
Stefon Diggs,MIN,WR,150.33,9.395625,17,7.91,45.357,44
Mark Ingram,BAL,RB,148.81,9.300625,26,10.325,38.757,47
Zach Ertz,PHI,TE,139.15,8.696875,3,23.705,55.447,37
Sammy Watkins,KCC,WR,138.33,8.645625,21,2.985,33.357,54
Alshon Jeffery,PHI,WR,132.61,8.288125,23,5.465,27.637,58
Tevin Coleman,SFO,RB,128.08,8.005,29,4.855,18.027,69
Tarik Cohen,CHI,RB,126.96,7.935,30,8.115,16.907,70
Calvin Ridley,ATL,WR,125.14,7.82125,25,0.975,20.167,64
Robby Anderson,NYJ,WR,124.24,7.765,26,1.8,19.267,65
Allen Robinson,CHI,WR,120.79,7.549375,28,1.085,15.817,71
Jarvis Landry,CLE,WR,120.49,7.530625,29,4.885,15.517,72
Chicago Bears,CHI,DST,119.5,7.46875,1,7.15,7.967,79
Derrius Guice,WAS,RB,119.49,7.468125,31,1.715,9.437,76
Peyton Barber,TBB,RB,118.2,7.3875,32,2.45,8.147,78
O.J. Howard,TBB,TE,118.1,7.38125,4,6.905,34.397,52
LeSean McCoy,BUF,RB,117.35,7.334375,33,5.805,7.297,82
Miles Sanders,PHI,RB,114.15,7.134375,34,6.145,4.097,87
Evan Engram,NYG,TE,112.79,7.049375,5,6.75,29.087,57
Marvin Jones,DET,WR,112.29,7.018125,31,0.73,7.317,81
Baltimore Ravens,BAL,DST,111.8,6.9875,3,2.85,0.267,96
Tyreek Hill,KCC,WR,111.59,6.974375,32,2.13,6.617,83
Cleveland Browns,CLE,DST,109.9,6.86875,4,2.2,-1.633,105
Jared Cook,NOS,TE,109.6,6.85,6,10.47,25.897,59
Minnesota Vikings,MIN,DST,108,6.75,5,0.7,-3.533,112
Houston Texans,HOU,DST,107.4,6.7125,6,0.25,-4.133,114
New Orleans Saints,NOS,DST,107.2,6.7,7,0.25,-4.333,115
Los Angeles Chargers,LAC,DST,107.1,6.69375,8,0.45,-4.433,116
Jacksonville Jaguars,JAC,DST,106.8,6.675,9,0.4,-4.733,118
New England Patriots,NEP,DST,106.5,6.65625,10,0.25,-5.033,119
Indianapolis Colts,IND,DST,106.3,6.64375,11,0.15,-5.233,120
Buffalo Bills,BUF,DST,106.2,6.6375,12,0.15,-5.333,121
Pittsburgh Steelers,PIT,DST,106.1,6.63125,13,0.3,-5.433,123
Golden Tate,NYG,WR,106.06,6.62875,35,1.63,1.087,92
Denver Broncos,DEN,DST,106,6.625,14,0.5,-5.533,124
Philadelphia Eagles,PHI,DST,105.6,6.6,15,0.55,-5.933,125
Kansas City Chiefs,KCC,DST,105.4,6.5875,16,1.05,-6.133,127
Dante Pettis,SFO,WR,105.04,6.565,36,1.325,0.067,98
Carolina Panthers,CAR,DST,104.7,6.54375,17,1.2,-6.833,131
Arizona Cardinals,ARI,DST,104,6.5,18,1.25,-7.533,132
Dede Westbrook,JAC,WR,103.82,6.48875,37,0.89,-1.153,103
Larry Fitzgerald,ARI,WR,103.61,6.475625,38,1.595,-1.363,104
Seattle Seahawks,SEA,DST,103,6.4375,19,1.85,-8.533,135
Washington Redskins,WAS,DST,102.5,6.40625,20,3.1,-9.033,136
Hunter Henry,LAC,TE,102.48,6.405,7,9.07,18.777,67
Courtland Sutton,DEN,WR,101.78,6.36125,40,1.08,-3.193,110
Sterling Shepard,NYG,WR,100.99,6.311875,41,1.275,-3.983,113
Rashaad Penny,SEA,RB,100.9,6.30625,37,2.565,-9.153,137
Latavius Murray,NOS,RB,100.68,6.2925,38,8.12,-9.373,140
DeSean Jackson,PHI,WR,100.41,6.275625,42,1.5,-4.563,117
New York Jets,NYJ,DST,99.8,6.2375,21,1.3,-11.733,144
Kenny Stills,MIA,WR,99.02,6.18875,43,1,-5.953,126
Dallas Cowboys,DAL,DST,99,6.1875,22,1.25,-12.533,146
Mohamed Sanu,ATL,WR,98.8,6.175,44,3.22,-6.173,129
Tennessee Titans,TEN,DST,98,6.125,23,1.15,-13.533,150
Green Bay Packers,GBP,DST,97.5,6.09375,24,1.5,-14.033,152
Curtis Samuel,CAR,WR,97.24,6.0775,45,3.32,-7.733,134
Detroit Lions,DET,DST,96.2,6.0125,25,0.6,-15.333,155
Atlanta Falcons,ATL,DST,95.8,5.9875,26,0.8,-15.733,156
Eric Ebron,IND,TE,95.78,5.98625,8,5.895,12.077,74
San Francisco 49ers,SFO,DST,95.4,5.9625,27,1.1,-16.133,158
Cincinnati Bengals,CIN,DST,94.6,5.9125,28,0.7,-16.933,159
Miami Dolphins,MIA,DST,94,5.875,29,2,-17.533,161
Marqise Lee,JAC,WR,93.92,5.87,47,1.29,-11.053,142
Geronimo Allison,GBP,WR,93.92,5.87,46,0.275,-11.053,141
Tyrell Williams,OAK,WR,93.37,5.835625,48,1.51,-11.603,143
Marquise Goodwin,SFO,WR,91.89,5.743125,49,0.5,-13.083,148
Emmanuel Sanders,DEN,WR,91.83,5.739375,50,1.305,-13.143,149
Tampa Bay Buccaneers,TBB,DST,90.2,5.6375,31,0,-21.333,174
Ted Ginn Jr.,NOS,WR,90.1,5.63125,52,2.62,-14.873,154
Adrian Peterson,WAS,RB,89.13,5.570625,40,1.945,-20.923,171
Vance McDonald,PIT,TE,88.73,5.545625,10,4.555,5.027,85
Ito Smith,ATL,RB,88.18,5.51125,41,2.29,-21.873,177
Donte Moncrief,PIT,WR,87.52,5.47,53,0.165,-17.453,160
DK Metcalf,SEA,WR,87.44,5.465,54,0.845,-17.533,162
Jerick McKinnon,SFO,RB,86.19,5.386875,42,1.105,-23.863,181
Albert Wilson,MIA,WR,85.92,5.37,56,1.325,-19.053,167
Ronald Jones,TBB,RB,85.59,5.349375,43,1.065,-24.463,182
John Brown,BUF,WR,84.6,5.2875,57,0.38,-20.373,169
N'Keal Harry,NEP,WR,84.59,5.286875,58,0.765,-20.383,170
Nyheim Hines,IND,RB,84.58,5.28625,44,0.89,-25.473,185
Delanie Walker,TEN,TE,84.51,5.281875,11,0.76,0.807,94
Royce Freeman,DEN,RB,84.47,5.279375,45,2.01,-25.583,186
Austin Hooper,ATL,TE,83.84,5.24,12,0.205,0.137,97
DeVante Parker,MIA,WR,83.8,5.2375,60,0.385,-21.173,173
Jordan Reed,WAS,TE,83.61,5.225625,14,1.79,-0.093,100
Greg Olsen,CAR,TE,83.44,5.215,15,4.57,-0.263,101
Mecole Hardman,KCC,WR,83.4,5.2125,62,1.96,-21.573,176
Jamison Crowder,NYJ,WR,82.92,5.1825,63,3.1,-22.053,178
Dion Lewis,TEN,RB,82.91,5.181875,46,1.92,-27.143,193
D'Onta Foreman,HOU,RB,82.01,5.125625,47,2.255,-28.043,194
Oakland Raiders,OAK,DST,80.7,5.04375,32,0,-30.833,202
Kyle Rudolph,MIN,TE,80.2,5.0125,16,2.9,-3.503,111
Jamaal Williams,GBP,RB,79.97,4.998125,48,1.43,-30.083,200
Keke Coutee,HOU,WR,79.68,4.98,65,0.63,-25.293,184
Nelson Agholor,PHI,WR,79.15,4.946875,66,0.275,-25.823,187
DaeSean Hamilton,DEN,WR,78.95,4.934375,67,0.175,-26.023,188
Parris Campbell,IND,WR,78.8,4.925,68,0.18,-26.173,189
Marquez Valdes-Scantling,GBP,WR,78.23,4.889375,71,2.72,-26.743,192
Jack Doyle,IND,TE,77.54,4.84625,17,0.99,-6.163,128
Carlos Hyde,KCC,RB,77.54,4.84625,50,1.81,-32.513,204
Jimmy Graham,GBP,TE,77.06,4.81625,18,1.87,-6.643,130
Jaylen Samuels,PIT,RB,76.35,4.771875,51,1.63,-33.703,208
Ryan Fitzpatrick,MIA,QB,76.064,4.754,33,17.535,-192.884,595
Trey Burton,CHI,TE,76.04,4.7525,19,4.99,-7.663,133
Paul Richardson,WAS,WR,75.85,4.740625,72,0.695,-29.123,195
Taylor Gabriel,CHI,WR,75.17,4.698125,73,0.045,-29.803,196
Quincy Enunwa,NYJ,WR,74.95,4.684375,76,2.91,-30.023,199
C.J. Anderson,DET,RB,74.33,4.645625,53,1.37,-35.723,215
Jalen Richard,OAK,RB,73.14,4.57125,54,0.49,-36.913,219
Kalen Ballage,MIA,RB,72.78,4.54875,55,0.285,-37.273,220
Case Keenum,WAS,QB,72.746,4.546625,34,37.005,-196.202,596
Duke Johnson,CLE,RB,72.52,4.5325,56,2.8,-37.533,221
Kareem Hunt,CLE,RB,72.47,4.529375,57,5.625,-37.583,223
Danny Amendola,DET,WR,72.25,4.515625,77,0.75,-32.723,205
Willie Snead,BAL,WR,71.83,4.489375,78,0.745,-33.143,207
Zay Jones,BUF,WR,71.17,4.448125,79,0.18,-33.803,209
Giovani Bernard,CIN,RB,66.97,4.185625,58,1.84,-43.083,235
Gus Edwards,BAL,RB,66.72,4.17,59,4.905,-43.333,237
Tyler Eifert,CIN,TE,65.94,4.12125,22,3.76,-17.763,165
Cole Beasley,BUF,WR,65.85,4.115625,83,1.12,-39.123,225
Deebo Samuel,SFO,WR,65.68,4.105,84,1.955,-39.293,226
Tre'Quan Smith,NOS,WR,63.78,3.98625,85,0.94,-41.193,228
Randall Cobb,DAL,WR,63.67,3.979375,86,1.915,-41.303,229
Jason Witten,DAL,TE,63.55,3.971875,23,7.84,-20.153,168
Theo Riddick,DET,RB,63.54,3.97125,60,5.435,-46.513,242
Breshad Perriman,TBB,WR,62.01,3.875625,87,1.315,-42.963,233
Demarcus Robinson,KCC,WR,61.5,3.84375,88,3.66,-43.473,238
Frank Gore,BUF,RB,60.09,3.755625,61,4.035,-49.963,249
Travis Benjamin,LAC,WR,55.79,3.486875,90,1.52,-49.183,245
Rashard Higgins,CLE,WR,54.86,3.42875,91,1.24,-50.113,250
Alfred Blue,JAC,RB,52.22,3.26375,64,1.18,-57.833,271
Equanimeous St. Brown,GBP,WR,51.54,3.22125,94,2.29,-53.433,256
T.J. Yeldon,BUF,RB,50.54,3.15875,66,3.765,-59.513,280
Cameron Brate,TBB,TE,48,3,27,0.97,-35.703,214
Devontae Booker,DEN,RB,47.52,2.97,67,1.655,-62.533,286
Chris Hogan,CAR,WR,47.47,2.966875,96,1.64,-57.503,270
Vernon Davis,WAS,TE,46.8,2.925,30,3.28,-36.903,218
Rex Burkhead,NEP,RB,46.03,2.876875,68,1.235,-64.023,291
Elijah McGuire,NYJ,RB,45.7,2.85625,69,2.91,-64.353,294
Demaryius Thomas,NEP,WR,45.51,2.844375,98,3.34,-59.463,279
Gerald Everett,LAR,TE,45.34,2.83375,31,3.835,-38.363,224
Doug Martin,OAK,RB,43.89,2.743125,70,2.76,-66.163,302
Hakeem Butler,ARI,WR,42.82,2.67625,99,1.72,-62.153,284
Jace Sternberger,GBP,TE,41.7,2.60625,32,0.665,-42.003,230
Dontrelle Inman,NEP,WR,41.52,2.595,100,0.95,-63.453,289
Ian Thomas,CAR,TE,41.31,2.581875,33,0.59,-42.393,231
Hayden Hurst,BAL,TE,40.76,2.5475,34,0.705,-42.943,232
Tim Patrick,DEN,WR,40.68,2.5425,101,0.295,-64.293,293
Ricky Seals-Jones,ARI,TE,40.68,2.5425,35,1.385,-43.023,234
Wayne Gallman,NYG,RB,40.57,2.535625,72,2.305,-69.483,320
Jarius Wright,CAR,WR,40.31,2.519375,103,1.33,-64.663,297
Phillip Dorsett,NEP,WR,40.26,2.51625,104,2.61,-64.713,298
Geoff Swaim,JAC,TE,39.43,2.464375,36,1.685,-44.273,239
Malcolm Brown,LAR,RB,38.66,2.41625,73,1.185,-71.393,332
Justice Hill,BAL,RB,37.87,2.366875,74,0.81,-72.183,339
Terry McLaurin,WAS,WR,37.6,2.35,106,0.205,-67.373,307
Keelan Cole,JAC,WR,37.44,2.34,107,0.735,-67.533,309
Chester Rogers,IND,WR,37.35,2.334375,108,1.46,-67.623,310
Bilal Powell,NYJ,RB,37.04,2.315,76,0.66,-73.013,343
Jakeem Grant,MIA,WR,36.06,2.25375,109,0.395,-68.913,316
Seth Roberts,BAL,WR,35.72,2.2325,110,0.575,-69.253,318
Corey Coleman,NYG,WR,35.61,2.225625,111,1.14,-69.363,319
Cordarrelle Patterson,CHI,WR,34.68,2.1675,112,0.54,-70.293,323
Kahale Warring,HOU,TE,34.39,2.149375,40,0.39,-49.313,246
JJ Arcega-Whiteside,PHI,WR,34.26,2.14125,113,0.81,-70.713,327
Kendrick Bourne,SFO,WR,34.02,2.12625,114,1.15,-70.953,328
Irv Smith Jr.,MIN,TE,32.93,2.058125,43,0.75,-50.773,251
Laquon Treadwell,MIN,WR,32.88,2.055,115,0.065,-72.093,337
Kenneth Dixon,BAL,RB,32.74,2.04625,79,0.35,-77.313,372
Ed Dickson,SEA,TE,32.4,2.025,44,1.29,-51.303,253
Bryce Love,WAS,RB,32.04,2.0025,82,0.36,-78.013,379
Ryquell Armstead,JAC,RB,31.35,1.959375,84,0.435,-78.703,387
Wendell Smallwood,PHI,RB,31.17,1.948125,85,1.445,-78.883,389
J.D. McKissic,SEA,RB,30.66,1.91625,86,1.935,-79.393,393
Jaron Brown,SEA,WR,30.25,1.890625,122,1.895,-74.723,356
Ty Montgomery,NYJ,RB,28.79,1.799375,87,0.62,-81.263,410
Tony Pollard,DAL,RB,28.66,1.79125,88,1.535,-81.393,412
Charles Clay,ARI,TE,28.07,1.754375,47,0.485,-55.633,262
Jesse James,DET,TE,28,1.75,48,0.955,-55.703,263
Jermaine Kearse,DET,WR,26.88,1.68,124,0.1,-78.093,381
Justin Hardy,ATL,WR,26.82,1.67625,125,0.135,-78.153,382
Diontae Johnson,PIT,WR,26.74,1.67125,126,0.22,-78.233,383
Aldrick Robinson,CAR,WR,26.63,1.664375,127,0.3,-78.343,384
Spencer Ware,IND,RB,26.57,1.660625,90,0.73,-83.483,421
Rhett Ellison,NYG,TE,26.47,1.654375,52,0.21,-57.233,267
Bennie Fowler,NYG,WR,26.25,1.640625,129,1.47,-78.723,388
Rodney Anderson,CIN,RB,26.2,1.6375,91,1.23,-83.853,422
Dawson Knox,BUF,TE,25.78,1.61125,55,0.745,-57.923,272
Darwin Thompson,KCC,RB,25.48,1.5925,92,1.05,-84.573,425
J.J. Nelson,OAK,WR,25.14,1.57125,130,0.82,-79.833,399
Mo Alie-Cox,IND,TE,25.08,1.5675,56,0.1,-58.623,274
Jonnu Smith,TEN,TE,24.99,1.561875,57,1.61,-58.713,275
Jeff Heuerman,DEN,TE,24.97,1.560625,58,3.25,-58.733,276
Darrel Williams,KCC,RB,24.4,1.525,94,2.31,-85.653,428
Marcell Ateman,OAK,WR,24.22,1.51375,132,0.27,-80.753,405
Taywan Taylor,TEN,WR,24.11,1.506875,133,0.35,-80.863,406
Tavon Austin,DAL,WR,23.73,1.483125,135,1.68,-81.243,409
Dexter Williams,GBP,RB,22.52,1.4075,95,0.915,-87.533,433
Cody Latimer,NYG,WR,22.13,1.383125,136,0.22,-82.843,418
Gary Jennings,SEA,WR,21.97,1.373125,137,0.585,-83.003,419
Demetrius Harris,CLE,TE,21.79,1.361875,59,0.215,-61.913,282
Brandon Bolden,NEP,RB,21.66,1.35375,96,0.17,-88.393,437
Virgil Green,LAC,TE,21.65,1.353125,60,0.635,-62.053,283
Deon Cain,IND,WR,20.92,1.3075,139,0.515,-84.053,423
Taysom Hill,NOS,QB,20.896,1.306,37,3.513,-248.052,599
Jake Kumerow,GBP,WR,20.85,1.303125,140,1.635,-84.123,424
Maxx Williams,ARI,TE,20.53,1.283125,62,0.845,-63.173,288
Bruce Anderson,TBB,RB,18.74,1.17125,104,1.755,-91.313,451
Riley Ridley,CHI,WR,18.47,1.154375,142,0.14,-86.503,429
Darren Fells,HOU,TE,18.45,1.153125,67,0.665,-65.253,300
Torrey Smith,CAR,WR,18.43,1.151875,143,0.285,-86.543,430
Nate Sudfeld,PHI,QB,18.248,1.1405,38,2.763,-250.7,600
Tajae Sharpe,TEN,WR,18.06,1.12875,145,0.77,-86.913,432
Xavier Grimble,PIT,TE,17.43,1.089375,69,0.47,-66.273,303
Kelvin Harmon,WAS,WR,17.19,1.074375,147,0.45,-87.783,435
Logan Paulsen,ATL,TE,17.09,1.068125,70,0.59,-66.613,304
Benny Cunningham,JAC,RB,16.84,1.0525,106,0.87,-93.213,462
Garrett Celek,SFO,TE,16.83,1.051875,71,0.81,-66.873,305
Luke Stocker,ATL,TE,16.17,1.010625,72,0.57,-67.533,308
Thomas Rawls,JAC,RB,15.98,0.99875,107,0.04,-94.073,466
Javorius Allen,NOS,RB,15.96,0.9975,108,0.245,-94.093,467
Rod Smith,NYG,RB,15.92,0.995,109,0.575,-94.133,468
Qadree Ollison,ATL,RB,15.51,0.969375,110,1.04,-94.543,471
Stephen Anderson,NEP,TE,15.33,0.958125,74,0.335,-68.373,313
Trayveon Williams,CIN,RB,15.18,0.94875,111,1.535,-94.873,473
Erik Swoope,OAK,TE,15.12,0.945,75,0.38,-68.583,314
Maurice Harris,NEP,WR,14.55,0.909375,153,0.3,-90.423,445
Dylan Cantrell,LAC,WR,14.37,0.898125,154,0.36,-90.603,448
Preston Williams,MIA,WR,14.13,0.883125,155,0.37,-90.843,449
Foster Moreau,OAK,TE,14.01,0.875625,78,0.485,-69.693,321
Ameer Abdullah,MIN,RB,13.76,0.86,112,0.3,-96.293,478
Levine Toilolo,SFO,TE,13.73,0.858125,79,0.49,-69.973,322
Anthony Sherman,KCC,RB,13.53,0.845625,113,0.395,-96.523,479
Alex Erickson,CIN,WR,13.4,0.8375,158,0.595,-91.573,453
James Develin,NEP,RB,13.39,0.836875,114,0.62,-96.663,480
MyCole Pruitt,TEN,TE,13.16,0.8225,81,0.27,-70.543,325
Bobo Wilson,TBB,WR,12.91,0.806875,159,0.225,-92.063,454
Trenton Cannon,NYJ,RB,12.88,0.805,115,0.2475,-97.173,485
KeeSean Johnson,ARI,WR,12.67,0.791875,161,0.445,-92.303,456
Derek Carrier,OAK,TE,12.66,0.79125,83,0.0675,-71.043,329
Raheem Mostert,SFO,RB,12.66,0.79125,116,0.5525,-97.393,486
Neal Sterling,KCC,TE,12.58,0.78625,85,0.83,-71.123,331
Brice Butler,MIA,WR,12.43,0.776875,162,0.43,-92.543,457
Amara Darboh,SEA,WR,12.02,0.75125,163,0.145,-92.953,459
Mack Hollins,PHI,WR,11.98,0.74875,164,0.215,-92.993,460
Marcedes Lewis,GBP,TE,11.78,0.73625,86,0.07,-71.923,333
Vyncint Smith,HOU,WR,11.76,0.735,166,0.65,-93.213,462
Kaden Smith,SFO,TE,11.7,0.73125,88,0.385,-72.003,335
Josh Bellamy,NYJ,WR,11.14,0.69625,167,0.08,-93.833,463
Byron Marshall,WAS,RB,11.04,0.69,120,0.345,-99.013,502
Geremy Davis,LAC,WR,10.82,0.67625,170,0.365,-94.153,469
Deontay Burnett,NYJ,WR,10.76,0.6725,171,0.76,-94.213,470
Blake Bortles,LAR,QB,10.694,0.668375,43,0.366,-258.254,605
Chase Daniel,CHI,QB,10.612,0.66325,44,0.573,-258.336,606
Trevon Wesco,NYJ,TE,10.3,0.64375,91,0.435,-73.403,347
Alexander Armah,CAR,RB,10.27,0.641875,124,0.39,-99.783,507
Richie James,SFO,WR,10.15,0.634375,172,0.395,-94.823,472
Gardner Minshew,JAC,QB,10.044,0.62775,45,0.153,-258.904,607
Tyrone Swoopes,SEA,TE,10.04,0.6275,92,0.455,-73.663,348
Blaine Gabbert,TBB,QB,10.034,0.627125,46,0.441,-258.914,608
Boston Scott,PHI,RB,9.95,0.621875,125,0.535,-100.103,514
Dare Ogunbowale,FA,RB,9.81,0.613125,126,0.81,-100.243,516
Brett Hundley,ARI,QB,9.748,0.60925,47,0.448,-259.2,609
Scott Simonson,NYG,TE,9.69,0.605625,93,0.36,-74.013,350
Gehrig Dieter,KCC,WR,9.66,0.60375,174,0.615,-95.313,475
Teddy Bridgewater,NOS,QB,9.438,0.589875,48,0.361,-259.51,610
Artavis Scott,LAC,WR,9.19,0.574375,175,0.515,-95.783,476
Trevor Siemian,NYJ,QB,9.162,0.572625,49,0.388,-259.786,611
Richard Rodgers,PHI,TE,9.03,0.564375,96,0.14,-74.673,355
Elijhaa Penny,NYG,RB,9.02,0.56375,127,0.085,-101.033,527
Robert Griffin III,BAL,QB,8.992,0.562,50,0.489,-259.956,612
Nick Bellore,SEA,RB,8.84,0.5525,130,0.1,-101.213,531
Jeffery Wilson,SFO,RB,8.82,0.55125,131,0.215,-101.233,532
Alize Mack,NOS,TE,8.75,0.546875,99,0.245,-74.953,359
Isaac Nauta,DET,TE,8.6,0.5375,100,0.23,-75.103,360
Paxton Lynch,SEA,QB,8.556,0.53475,51,0.422,-260.392,613
Karan Higdon,HOU,RB,8.55,0.534375,133,0.225,-101.503,539
Durham Smythe,MIA,TE,8.41,0.525625,101,0.09,-75.293,362
Dontrell Hilliard,CLE,RB,8.34,0.52125,134,0.255,-101.713,543
Cethan Carter,CIN,TE,8.31,0.519375,135,0.565,-101.743,544
Jaelen Strong,JAC,WR,8.2,0.5125,178,0.225,-96.773,481
Vince Mayle,LAC,TE,8.07,0.504375,105,0.515,-75.633,366
Tyrod Taylor,LAC,QB,7.764,0.48525,54,0.347,-261.184,616
D.J. Foster,ARI,RB,7.63,0.476875,137,0.27,-102.423,552
Cooper Rush,DAL,QB,7.506,0.469125,55,0.205,-261.442,617
Dalton Schultz,DAL,TE,7.45,0.465625,107,0.155,-76.253,368
Darvin Kidsy,WAS,WR,7.45,0.465625,182,0.085,-97.523,488
Damion Ratley,CLE,WR,7.39,0.461875,183,0.085,-97.583,489
David Fluellen,TEN,RB,7.35,0.459375,139,0.245,-102.703,557
Deonte Thompson,NYJ,WR,7.27,0.454375,185,0.205,-97.703,491
Chad Henne,KCC,QB,7.124,0.44525,58,0.55,-261.824,620
Tommylee Lewis,DET,WR,7.07,0.441875,186,0.045,-97.903,492
Malik Turner,FA,WR,7.06,0.44125,187,0.12,-97.913,493
Detrez Newsome,LAC,RB,7.04,0.44,141,0.865,-103.013,560
Andre Roberts,BUF,WR,6.99,0.436875,188,0.11,-97.983,494
Johnny Holton,PIT,WR,6.89,0.430625,189,0.045,-98.083,495
Jehu Chesson,WAS,WR,6.82,0.42625,191,0.415,-98.153,497
DeShone Kizer,GBP,QB,6.586,0.411625,59,0.053,-262.362,621
Brian Hoyer,NEP,QB,6.562,0.410125,60,0.08,-262.386,622
Lee Smith,BUF,TE,6.51,0.406875,110,0.375,-77.193,371
Jacoby Brissett,IND,QB,6.46,0.40375,62,0.121,-262.488,624
Colt McCoy,WAS,QB,6.418,0.401125,63,0.304,-262.53,625
Roosevelt Nix,PIT,RB,6.23,0.389375,142,0.15,-103.823,567
Tra Carson,GBP,RB,6.04,0.3775,144,0.22,-104.013,569
Darius Jennings,TEN,WR,6.02,0.37625,193,0.69,-98.953,501
Antony Auclair,TBB,TE,5.9,0.36875,112,0.46,-77.803,376
Samaje Perine,WAS,RB,5.82,0.36375,145,0.155,-104.233,570
Jamize Olawale,DAL,RB,5.81,0.363125,146,0.42,-104.243,571
Mike Glennon,OAK,QB,5.644,0.35275,66,0.167,-263.304,628
Matt Schaub,ATL,QB,5.57,0.348125,67,0.922,-263.378,629
Patrick DiMarco,BUF,RB,5.52,0.345,147,0.44,-104.533,572
Lance Lenoir,DAL,WR,5.47,0.341875,194,0.325,-99.503,505
Sean Mannion,MIN,QB,5.384,0.3365,68,2.393,-263.564,630
Kenjon Barner,ATL,RB,5.26,0.32875,148,0.385,-104.793,573
Tanner Gentry,CHI,WR,5.05,0.315625,197,0.13,-99.923,510
Braxton Miller,PHI,WR,4.94,0.30875,198,0.05,-100.033,511
Troymaine Pope,LAC,RB,4.9,0.30625,149,0.095,-105.153,574
River Cracraft,DEN,WR,4.9,0.30625,199,0.09,-100.073,512
Buddy Howell,HOU,RB,4.85,0.303125,150,0.215,-105.203,575
JoJo Natson,LAR,WR,4.74,0.29625,201,0.115,-100.233,515
Jerell Adams,HOU,TE,4.72,0.295,115,0.11,-78.983,390
Kalif Raymond,TEN,WR,4.65,0.290625,202,0.125,-100.323,517
Noah Brown,DAL,WR,4.45,0.278125,204,0.005,-100.523,519
Rashad Ross,CAR,WR,4.44,0.2775,205,0.055,-100.533,520
Dwayne Harris,OAK,WR,4.38,0.27375,207,0.015,-100.593,522
J'Mon Moore,GBP,WR,4.38,0.27375,208,0.105,-100.593,522
Ross Travis,IND,TE,4.24,0.265,118,0.025,-79.463,394
Gabe Holmes,IND,TE,4.22,0.26375,119,0.14,-79.483,395
Clive Walford,MIA,TE,4.21,0.263125,120,0.3,-79.493,396
Keon Hatcher,OAK,WR,4.2,0.2625,210,0.14,-100.773,524
Kevin White,ARI,WR,4.04,0.2525,212,0.085,-100.933,526
Joshua Perkins,PHI,TE,3.95,0.246875,121,0.09,-79.753,397
Jacob Hollister,SEA,TE,3.87,0.241875,122,0.025,-79.833,398
Taiwan Jones,HOU,RB,3.85,0.240625,156,0.12,-106.203,581
Caleb Wilson,ARI,TE,3.85,0.240625,123,0.02,-79.853,400
Daniel Brown,NYJ,TE,3.84,0.24,124,0.435,-79.863,401
De'Lance Turner,BAL,RB,3.81,0.238125,157,0.295,-106.243,582
Ray-Ray McCloud,BUF,WR,3.74,0.23375,214,0.06,-101.233,532
Isaiah Ford,MIA,WR,3.72,0.2325,215,0.085,-101.253,533
Keith Smith,OAK,RB,3.65,0.228125,158,0.315,-106.403,583
Auden Tate,CIN,WR,3.64,0.2275,216,0.06,-101.333,534
Juwann Winfree,DEN,WR,3.63,0.226875,217,0.12,-101.343,535
Javon Wims,CHI,WR,3.53,0.220625,218,0.055,-101.443,537
Victor Bolden,BUF,WR,3.49,0.218125,219,0.085,-101.483,538
Taquan Mizzell,CHI,RB,3.29,0.205625,160,0.205,-106.763,585
Jonathan Williams,IND,RB,3.19,0.199375,161,0.23,-106.863,586
Daurice Fountain,IND,WR,3.08,0.1925,224,0.04,-101.893,546
Devin Smith,DAL,WR,3.04,0.19,225,0,-101.933,547
Cedrick Wilson,DAL,WR,3.04,0.19,225,0.305,-101.933,547
Jeremy McNichols,TEN,RB,2.98,0.18625,162,0.09,-107.073,587
Trent Taylor,SFO,WR,2.82,0.17625,226,0.215,-102.153,548
Shelton Gibson,PHI,WR,2.54,0.15875,229,0.22,-102.433,553
Orson Charles,CLE,TE,2.48,0.155,127,0.385,-81.223,408
De'Angelo Henderson,NYJ,RB,2.41,0.150625,165,0.88,-107.643,590
Brittan Golden,NYG,WR,2.35,0.146875,230,0.065,-102.623,554
Rico Gathers,DAL,TE,2.35,0.146875,128,0.64,-81.353,411
Senorise Perry,BUF,RB,2.31,0.144375,166,0,-107.743,591
Quadree Henderson,NYJ,WR,2.29,0.143125,231,0.035,-102.683,555
Max McCaffrey,SFO,WR,2.28,0.1425,232,0.2,-102.693,556
Geno Smith,SEA,QB,2.07,0.129375,70,0,-266.878,632
Michael Floyd,BAL,WR,1.93,0.120625,234,0.155,-103.043,561
Will Tye,PHI,TE,1.84,0.115,129,0.31,-81.863,413
Charone Peake,NYJ,WR,1.81,0.113125,235,0.08,-103.163,562
Pharoh Cooper,ARI,WR,1.74,0.10875,236,0.08,-103.233,563
Krishawn Hogan,IND,WR,1.72,0.1075,237,0.26,-103.253,564
Darrell Daniels,ARI,TE,1.48,0.0925,131,0,-82.223,415
KhaDarel Hodge,LAR,WR,1.32,0.0825,239,0,-103.653,566
Damiere Byrd,ARI,WR,1.15,0.071875,240,0,-103.823,567
Dan Vitale,GBP,RB,0.75,0.046875,167,0,-109.303,592
 Dan Bailey,MIN,K,114,7.125,0,0,0,0
 Austin Seibert,CLE,K,114,7.125,0,0,0,0
 Adam Vinatieri,IND,K,112,7,0,0,0,0
 Jason Myers,SEA,K,112,7,0,0,0,0
 Robbie Gould,SF,K,110,6.875,0,0,0,0
 Stephen Gostkowski,NE,K,110,6.875,0,0,0,0
 Matt Gay,TB,K,110,6.875,0,0,0,0
 Harrison Butker,KC,K,109,6.8125,0,0,0,0
 Steven Hauschka,BUF,K,108,6.75,0,0,0,0
 Greg Zuerlein,LAR,K,108,6.75,0,0,0,0
 Eddy Pineiro,CHI,K,108,6.75,0,0,0,0
 Daniel Carlson,OAK,K,107,6.6875,0,0,0,0
 Michael Badgley,LAC,K,107,6.6875,0,0,0,0
 Chandler Catanzaro,NYJ,K,106,6.625,0,0,0,0
 Aldrick Rosas,NYG,K,106,6.625,0,0,0,0
 Dustin Hopkins,WAS,K,104,6.5,0,0,0,0
 Wil Lutz,NO,K,104,6.5,0,0,0,0
 Brandon McManus,DEN,K,101,6.3125,0,0,0,0
 Justin Tucker,BAL,K,100,6.25,0,0,0,0
 Jake Elliott,PHI,K,100,6.25,0,0,0,0
 Ka'imi Fairbairn,HOU,K,99,6.1875,0,0,0,0
 Giorgio Tavecchio,ATL,K,98,6.125,0,0,0,0
 Brett Maher,DAL,K,98,6.125,0,0,0,0
 Zane Gonzalez,ARI,K,98,6.125,0,0,0,0
 Mason Crosby,GB,K,97,6.0625,0,0,0,0
 Ryan Succop,TEN,K,97,6.0625,0,0,0,0
 Chris Boswell,PIT,K,97,6.0625,0,0,0,0
 Matt Prater,DET,K,96,6,0,0,0,0
 Cairo Santos,TB,K,96,6,0,0,0,0
 Greg Joseph,CLE,K,95,5.9375,0,0,0,0
 Graham Gano,CAR,K,94,5.875,0,0,0,0
 Josh Lambo,JAX,K,94,5.875,0,0,0,0
 Randy Bullock,CIN,K,92,5.75,0,0,0,0
 Jason Sanders,MIA,K,92,5.75,0,0,0,0
 Matthew McCrane,PIT,K,25,1.5625,0,0,0,0
 Sam Ficken,GB,K,1,0.0625,0,0,0,0
 Chris Blewitt,CHI,K,0,0,0,0,0,0
