Name,Team,Position,Age,Exp,Points,Pts-Game,Pos-Rank,Drop-Off,Points-VOR,Rank
Adam Vinatieri,IND,K,47,23,133.1,8.31875,9,0.35,-0.433333333,98
Roosevelt Nix,PIT,RB,27,5,0,0,96,0,-130.8,457
Drew Brees,NOS,QB,40,18,250.31,15.644375,22,10.05,-32.87666667,304
Tom Brady,NEP,QB,42,19,254.51,15.906875,20,3.77,-28.67666667,274
Terrell Suggs,ARI,LB,37,16,55,3.4375,78,3,-71,400
Jason Witten,DAL,TE,37,16,53.9,3.36875,37,6.15,-40.46666667,334
Eli Manning,NYG,QB,38,15,177.56,11.0975,29,25.905,-105.6266667,430
Philip Rivers,LAC,QB,38,15,244.91,15.306875,23,12.205,-38.27666667,324
Ben Roethlisberger,PIT,QB,37,15,269.54,16.84625,16,4.145,-13.64666667,170
Matt Schaub,ATL,QB,38,15,0,0,35,0,-283.1866667,462
Alex Smith,WAS,QB,35,14,0,0,35,0,-283.1866667,462
Aaron Rodgers,GBP,QB,36,14,325.26,20.32875,2,11.71,42.07333333,30
Frank Gore,BUF,RB,36,14,43,2.6875,67,3.1,-87.8,414
Ryan Fitzpatrick,MIA,QB,37,14,134.1,8.38125,31,30.68,-149.0866667,458
Vernon Davis,WAS,TE,35,13,55.2,3.45,36,4.3,-39.16666667,329
Marcedes Lewis,GBP,TE,35,13,0,0,63,0,-94.36666667,423
Stephen Gostkowski,NEP,K,35,13,136.7,8.54375,6,2.95,3.166666667,81
Delanie Walker,TEN,TE,35,13,115,7.1875,8,5.2,20.63333333,47
Antoine Bethea,NYG,S,35,13,116.65,7.290625,8,1.925,2.2,84
Adrian Peterson,WAS,RB,34,12,92.8,5.8,48,6.565,-38,323
Greg Olsen,CAR,TE,34,12,93.4,5.8375,14,1.15,-0.966666667,103
Eric Weddle,LAR,S,34,12,98.45,6.153125,41,1.35,-16,185
Mason Crosby,GBP,K,35,12,129.9,8.11875,12,1.1,-3.633333333,116
Lorenzo Alexander,BUF,LB,36,13,63.25,3.953125,69,1.85,-62.75,381
Calais Campbell,JAC,DE,33,11,87.1,5.44375,6,2.8,4.716666667,79
Joe Flacco,DEN,QB,34,11,169.21,10.575625,30,47.98,-113.9766667,438
Chad Henne,KCC,QB,34,11,0,0,35,0,-283.1866667,462
Steven Hauschka,BUF,K,34,2019,122.7,7.66875,21,3.35,-10.83333333,155
Malcolm Jenkins,PHI,S,32,10,110.55,6.909375,16,1.05,-3.9,117
Matthew Stafford,DET,QB,31,10,226.84,14.1775,26,0.41,-56.34666667,366
LeSean McCoy,BUF,RB,31,10,118.8,7.425,41,5.3,-12,161
Patrick Chung,NEP,S,32,10,89.7,5.60625,58,0.375,-24.75,246
Jared Cook,NOS,TE,32,10,109,6.8125,10,11.6,14.63333333,57
Graham Gano,CAR,K,32,10,132.6,8.2875,11,3.2,-0.933333333,102
Chase Daniel,CHI,QB,33,10,0,0,35,0,-283.1866667,462
Brian Hoyer,NEP,QB,34,10,0,0,35,0,-283.1866667,462
Gerald McCoy,CAR,DT,31,9,51.6,3.225,60,0.425,-30.78333333,291
Carlos Dunlap,CIN,DE,30,9,73.75,4.609375,19,1.375,-8.633333333,142
Brandon Graham,PHI,DE,31,9,65.25,4.078125,27,0.45,-17.13333333,192
Everson Griffen,MIN,DE,32,9,61.45,3.840625,36,0.75,-20.93333333,218
Earl Thomas,BAL,S,30,9,97,6.0625,43,0.95,-17.45,195
Devin McCourty,NEP,S,32,9,96.05,6.003125,44,0.025,-18.4,200
Jerry Hughes,BUF,DE,31,9,52.25,3.265625,59,0.65,-30.13333333,286
Morgan Burnett,CLE,S,30,9,94.25,5.890625,50,1.875,-20.2,215
Geno Atkins,CIN,DT,31,9,57.85,3.615625,46,0.275,-24.53333333,243
Colt McCoy,WAS,QB,33,9,0,0,35,0,-283.1866667,462
Linval Joseph,MIN,DT,31,9,66.15,4.134375,26,1.025,-16.23333333,187
Jimmy Graham,GBP,TE,33,9,91.2,5.7,16,3.8,-3.166666667,114
Reshad Jones,MIA,S,31,9,105.9,6.61875,21,0.2,-8.55,141
Andrew Sendejo,PHI,S,32,9,72.45,4.528125,78,3.275,-42,337
Marcus Sherels,NOS,CB,32,9,13.1,0.81875,84,5.75,-101.35,425
Blaine Gabbert,TBB,QB,30,8,0,0,35,0,-283.1866667,462
Cameron Heyward,PIT,DE,30,8,74,4.625,18,0.925,-8.383333333,139
Von Miller,DEN,LB,30,8,91.9,5.74375,48,1.15,-34.1,307
Robert Quinn,DAL,DE,29,8,63.15,3.946875,32,0.275,-19.23333333,208
J.J. Watt,HOU,DE,30,8,105.5,6.59375,2,7.225,23.11666667,42
Cam Newton,CAR,QB,30,8,310.5,19.40625,4,3.24,27.31333333,37
Mark Ingram,BAL,RB,30,8,175.7,10.98125,24,16,44.9,29
Justin Houston,IND,DE,30,8,77.5,4.84375,14,1.375,-4.883333333,121
Kyle Rudolph,MIN,TE,30,8,97.4,6.0875,11,1.05,3.033333333,82
Andy Dalton,CIN,QB,32,8,229.8,14.3625,25,3.13,-53.38666667,362
Jabaal Sheard,IND,DE,30,8,57.5,3.59375,48,0.7,-24.88333333,248
Jurrell Casey,TEN,DE,30,8,70.85,4.428125,22,1.05,-11.53333333,157
K.J. Wright,SEA,LB,30,8,91.25,5.703125,49,1.175,-34.75,311
Taiwan Jones,HOU,RB,31,8,0,0,96,0,-130.8,457
Bilal Powell,NYJ,RB,31,8,0,0,96,0,-130.8,457
Anthony Sherman,KCC,RB,31,8,0,0,96,0,-130.8,457
Dion Lewis,TEN,RB,29,8,125.3,7.83125,37,3.4,-5.5,124
Lee Smith,BUF,TE,32,8,0,0,63,0,-94.36666667,423
Charles Clay,ARI,TE,30,8,55.3,3.45625,35,0.75,-39.06666667,328
Tyrod Taylor,LAC,QB,30,8,0,0,35,0,-283.1866667,462
Virgil Green,LAC,TE,31,8,30.5,1.90625,50,1.9,-63.86666667,385
Dan Bailey,MIN,K,31,8,127.9,7.99375,16,1.3,-5.633333333,126
Nick Bellore,SEA,RB,30,8,0,0,96,0,-130.8,457
Mario Addison,CAR,DE,32,8,65,4.0625,28,0.625,-17.38333333,194
Kirk Cousins,MIN,QB,31,7,267.01,16.688125,17,6.995,-16.17666667,186
Russell Wilson,SEA,QB,31,7,309.1,19.31875,5,6.09,25.91333333,39
Lamar Miller,HOU,RB,28,7,142.9,8.93125,30,2.05,12.1,61
Doug Martin,OAK,RB,30,7,2.47,0.154375,89,0.4,-128.33,450
Melvin Ingram,LAC,DE,30,7,76.1,4.75625,16,2,-6.283333333,129
Chandler Jones,ARI,LB,29,7,87.5,5.46875,52,1.6,-38.5,327
Fletcher Cox,PHI,DT,29,7,60.25,3.765625,38,0.3,-22.13333333,224
Michael Brockers,LAR,DE,29,7,53.25,3.328125,58,1.325,-29.13333333,280
Bruce Irvin,CAR,DE,32,7,43,2.6875,71,0,-39.38333333,330
Lavonte David,TBB,LB,29,7,154.25,9.640625,2,5.925,28.25,35
Luke Kuechly,CAR,LB,28,7,127.15,7.946875,8,0.575,1.15,85
Bobby Wagner,SEA,LB,29,7,124.85,7.803125,11,4.225,-1.15,105
Janoris Jenkins,NYG,CB,31,7,89.3,5.58125,60,2.075,-25.15,251
Harrison Smith,MIN,S,30,7,112.85,7.053125,13,0.475,-1.6,107
Derek Wolfe,DEN,DE,29,7,51.6,3.225,60,0,-30.78333333,291
Trumaine Johnson,NYJ,CB,29,7,83.9,5.24375,67,1.7,-30.55,288
Olivier Vernon,CLE,DE,29,7,76.15,4.759375,15,1.05,-6.233333333,128
Demario Davis,NOS,LB,30,7,110.25,6.890625,21,1.25,-15.75,184
Tyrone Crawford,DAL,DT,30,7,42.15,2.634375,72,0,-40.23333333,332
Akiem Hicks,CHI,DE,30,7,74.1,4.63125,17,0.05,-8.283333333,138
Nigel Bradham,PHI,LB,30,7,99.4,6.2125,36,0.425,-26.6,259
Rhett Ellison,NYG,TE,31,7,28.5,1.78125,52,1.1,-65.86666667,391
Malik Jackson,PHI,DT,29,7,55.65,3.478125,54,1.475,-26.73333333,261
Tahir Whitehead,OAK,LB,29,7,102,6.375,32,0.125,-24,238
Randy Bullock,CIN,K,30,7,117,7.3125,24,1.2,-16.53333333,189
Danny Trevathan,CHI,LB,29,7,98.95,6.184375,38,0.325,-27.05,264
Case Keenum,WAS,QB,31,7,108.36,6.7725,32,46.325,-174.8266667,459
Jamize Olawale,DAL,RB,30,7,0,0,96,0,-130.8,457
Garrett Celek,SFO,TE,31,7,36.7,2.29375,45,4.7,-57.66666667,371
Tashaun Gipson,HOU,S,29,7,91.5,5.71875,52,0.525,-22.95,228
Damon Harrison,DET,DT,31,7,80.75,5.046875,12,1.775,-1.633333333,108
James Develin,NEP,RB,31,9,7.74,0.48375,80,0.615,-123.06,441
Mike Glennon,OAK,QB,30,6,0,0,35,0,-283.1866667,462
Andre Ellington,TBB,RB,30,6,0,0,96,0,-130.8,457
Kenjon Barner,ATL,RB,30,6,0,0,96,0,-130.8,457
Rex Burkhead,NEP,RB,29,6,95.7,5.98125,47,5.915,-35.1,312
Chris Thompson,WAS,RB,29,6,72.2,4.5125,57,0.44,-58.6,375
Theo Riddick,DET,RB,28,6,54.5,3.40625,63,1.95,-76.3,407
Le'Veon Bell,NYJ,RB,27,6,235.1,14.69375,4,2.95,104.3,4
Giovani Bernard,CIN,RB,28,6,72.2,4.5125,57,3.335,-58.6,375
Spencer Ware,IND,RB,28,6,1.53,0.095625,93,0.83,-129.27,454
Travis Kelce,KCC,TE,30,6,179.4,11.2125,1,21.65,85.03333333,12
Zach Ertz,PHI,TE,29,6,155.8,9.7375,3,27.35,61.43333333,23
Jordan Reed,WAS,TE,29,6,93.3,5.83125,15,3.45,-1.066666667,104
Tyler Eifert,CIN,TE,29,6,59.7,3.73125,30,0.75,-34.66666667,310
Vance McDonald,PIT,TE,29,6,116.2,7.2625,7,3.4,21.83333333,46
Sheldon Richardson,CLE,DT,29,6,64.15,4.009375,30,0.825,-18.23333333,198
Alec Ogletree,NYG,LB,28,6,109.25,6.828125,22,0.75,-16.75,191
Kiko Alonso,MIA,LB,29,6,95.95,5.996875,46,3.375,-30.05,285
Tyrann Mathieu,KCC,S,27,6,115.05,7.190625,9,0.9,0.6,90
Logan Ryan,TEN,CB,28,6,96,6,46,0.625,-18.45,202
Kenny Vaccaro,TEN,S,28,6,82.15,5.134375,69,0.125,-32.3,297
T.J. McDonald,MIA,S,28,6,99.9,6.24375,37,0.55,-14.55,177
Tony Jefferson,BAL,S,27,6,85.4,5.3375,64,0.85,-29.05,278
Shawn Williams,CIN,S,28,6,105.25,6.578125,25,1.425,-9.2,146
Kawann Short,CAR,DT,30,6,64.6,4.0375,29,0.775,-17.78333333,197
Giorgio Tavecchio,ATL,K,29,7,127.1,7.94375,17,1.1,-6.433333333,132
D.J. Swearinger,ARI,S,28,6,112,7,15,1.675,-2.45,113
Micah Hyde,BUF,S,29,6,90.55,5.659375,55,0.65,-23.9,237
Dustin Hopkins,WAS,K,29,6,128.9,8.05625,13,0.5,-4.633333333,119
Latavius Murray,NOS,RB,29,6,150.1,9.38125,27,4.25,19.3,49
Vince Williams,PIT,LB,30,6,46,2.875,81,0,-80,411
Benny Cunningham,JAC,RB,29,6,0,0,96,0,-130.8,457
Demetrius Harris,CLE,TE,28,6,27.2,1.7,54,5.45,-67.16666667,394
C.J. Anderson,DET,RB,28,6,101.9,6.36875,45,4.55,-28.9,276
Jack Doyle,IND,TE,29,6,88.5,5.53125,17,4.3,-5.866666667,127
Bradley McDougald,SEA,S,29,6,100.35,6.271875,35,0.4,-14.1,173
Josh Hill,NOS,TE,29,6,32.4,2.025,46,0.9,-61.96666667,380
Jeff Heath,DAL,S,28,6,103.45,6.465625,28,0.875,-11,156
Teddy Bridgewater,NOS,QB,27,5,0,0,35,0,-283.1866667,462
Blake Bortles,LAR,QB,28,5,0,0,35,0,-283.1866667,462
A.J. McCarron,HOU,QB,29,5,0,0,35,0,-283.1866667,462
Devonta Freeman,ATL,RB,27,5,182.2,11.3875,21,1.4,51.4,25
Isaiah Crowell,OAK,RB,26,5,0,0,96,0,-130.8,457
Trey Burton,CHI,TE,28,5,94.4,5.9,13,1.05,0.033333333,96
Jadeveon Clowney,HOU,LB,26,5,83,5.1875,8,0.25,0.616666667,89
Stephon Tuitt,PIT,DE,26,5,46.5,2.90625,66,0.775,-35.88333333,317
Trent Murphy,BUF,DE,29,5,44.85,2.803125,69,0.475,-37.53333333,322
Khalil Mack,CHI,LB,28,5,111.1,6.94375,19,0.725,-14.9,180
Darqueze Dennard,CIN,CB,28,5,90.05,5.628125,56,0.325,-24.4,242
Ha Ha Clinton-Dix,CHI,S,27,5,99.1,6.19375,39,0.525,-15.35,182
Lamarcus Joyner,OAK,S,29,5,102.5,6.40625,30,0.2,-11.95,160
Jerick McKinnon,SFO,RB,27,5,139,8.6875,34,12.3,8.2,68
Deone Bucannon,TBB,LB,27,5,36.1,2.25625,82,0,-89.9,415
Demarcus Lawrence,DAL,DE,27,5,85.6,5.35,7,2.625,3.216666667,80
Christian Kirksey,CLE,LB,27,5,101.75,6.359375,33,1.375,-24.25,240
Preston Brown,CIN,LB,27,5,100.5,6.28125,34,0.675,-25.5,253
Richard Rodgers,PHI,TE,27,5,22.9,1.43125,55,3.65,-71.46666667,401
Ricardo Allen,ATL,S,28,5,69.35,4.334375,79,0.95,-45.1,342
Avery Williamson,NYJ,LB,27,5,97.35,6.084375,42,0.85,-28.65,273
Alfred Blue,JAC,RB,28,5,40.6,2.5375,68,2.71,-90.2,416
David Fales,DET,QB,29,5,0,0,35,0,-283.1866667,462
Shelby Harris,DEN,DT,28,5,59.9,3.74375,40,0.775,-22.48333333,226
Terrance Mitchell,CLE,CB,27,5,97.2,6.075,42,0.675,-17.25,193
Damien Williams,KCC,RB,27,5,195.5,12.21875,17,1.75,64.7,19
Cairo Santos,TBB,K,28,5,22.5,1.40625,29,0,-111.0333333,436
Senorise Perry,BUF,RB,28,5,0,0,96,0,-130.8,457
Keith Smith,OAK,RB,27,5,0,0,96,0,-130.8,457
Denico Autry,IND,DT,29,2019,58.5,3.65625,44,0.2,-23.88333333,236
Todd Davis,DEN,LB,27,5,108.25,6.765625,24,1.45,-17.75,196
Jameis Winston,TBB,QB,25,4,284.3,17.76875,12,1.67,1.113333333,86
Brett Hundley,ARI,QB,26,4,0,0,35,0,-283.1866667,462
Sean Mannion,MIN,QB,27,4,0,0,35,0,-283.1866667,462
Tevin Coleman,SFO,RB,26,4,145.3,9.08125,29,3.35,14.5,58
Ameer Abdullah,MIN,RB,26,4,0.89,0.055625,94,0.635,-129.91,455
Duke Johnson,CLE,RB,26,4,112.5,7.03125,43,10,-18.3,199
Javorius Allen,NOS,RB,28,4,0,0,96,0,-130.8,457
Thomas Rawls,JAC,RB,26,4,0,0,96,0,-130.8,457
Jesse James,DET,TE,25,4,63.7,3.98125,28,3.05,-30.66666667,289
Dante Fowler,LAR,LB,25,4,64.15,4.009375,68,0.45,-61.85,379
Arik Armstead,SFO,DE,25,4,56.6,3.5375,50,0.425,-25.78333333,255
Danielle Hunter,MIN,DE,25,4,91.95,5.746875,5,5.6,9.566666667,65
Leonard Williams,NYJ,DE,25,4,59.35,3.709375,41,0.525,-23.03333333,230
Vic Beasley,ATL,DE,27,4,58.5,3.65625,74,0.35,-67.5,395
Shaq Thompson,CAR,LB,25,4,112.15,7.009375,17,0.725,-13.85,171
Kwon Alexander,SFO,LB,25,4,126.15,7.884375,10,1.85,0.15,95
Bud Dupree,PIT,LB,26,4,51.5,3.21875,80,10.45,-74.5,405
Denzel Perryman,LAC,LB,26,4,64.15,4.009375,68,0.9,-61.85,379
Landon Collins,WAS,S,25,4,124.55,7.784375,3,2.85,10.1,63
Ty Montgomery,NYJ,RB,26,4,1.87,0.116875,92,0.66,-128.93,453
Byron Jones,DAL,CB,27,4,85.85,5.365625,62,0.325,-28.6,272
Damarious Randall,CLE,S,27,4,120.3,7.51875,5,1.825,5.85,74
Benardrick McKinney,HOU,LB,27,4,104.5,6.53125,28,1,-21.5,221
Jaquiski Tartt,SFO,S,27,4,84.1,5.25625,66,1.025,-30.35,287
Markus Golden,NYG,LB,28,4,67.9,4.24375,65,1.975,-58.1,374
Henry Anderson,NYJ,DE,28,4,50,3.125,63,1.475,-32.38333333,299
Clayton Geathers,IND,S,27,4,110.1,6.88125,17,1.625,-4.35,118
Za'Darius Smith,GBP,LB,27,4,52.5,3.28125,79,3.75,-73.5,403
Grady Jarrett,ATL,DT,26,4,58.5,3.65625,44,0.525,-23.88333333,236
Quandre Diggs,DET,S,28,4,103.75,6.484375,27,0.7,-10.7,154
Geoff Swaim,JAC,TE,26,4,43.8,2.7375,40,2.55,-50.56666667,356
Trevor Siemian,NYJ,QB,28,4,0,0,35,0,-283.1866667,462
Rod Smith,NYG,RB,27,4,0,0,96,0,-130.8,457
Raheem Mostert,SFO,RB,27,4,0,0,96,0,-130.8,457
Quinton Dunbar,WAS,CB,27,4,102.1,6.38125,31,0.175,-12.35,164
Taylor Heinicke,CAR,QB,26,4,0,0,35,0,-283.1866667,462
Carson Wentz,PHI,QB,27,3,288.28,18.0175,11,4.25,5.093333333,77
Paxton Lynch,SEA,QB,25,3,0,0,35,0,-283.1866667,462
Cardale Jones,LAC,QB,27,3,0,0,35,0,-283.1866667,462
Jacoby Brissett,IND,QB,27,3,0,0,35,0,-283.1866667,462
Cody Kessler,PHI,QB,26,3,0,0,35,0,-283.1866667,462
Kevin Hogan,DEN,QB,27,3,0,0,35,0,-283.1866667,462
Dak Prescott,DAL,QB,26,3,283.76,17.735,13,4.63,0.573333333,91
Ezekiel Elliott,DAL,RB,24,3,277.7,17.35625,2,36,146.9,2
Derrick Henry,TEN,RB,25,3,204.1,12.75625,14,4.5,73.3,15
Devontae Booker,DEN,RB,27,3,52.2,3.2625,65,5.4,-78.6,410
Kenyan Drake,MIA,RB,25,3,181.6,11.35,22,3.75,50.8,26
Paul Perkins,NYG,RB,25,3,0,0,96,0,-130.8,457
Kenneth Dixon,BAL,RB,25,3,63.16,3.9475,60,6.16,-67.64,397
Jonathan Williams,IND,RB,25,3,0,0,96,0,-130.8,457
Wendell Smallwood,PHI,RB,25,3,58.8,3.675,61,3.95,-72,402
Peyton Barber,TBB,RB,25,3,127.6,7.975,35,2.05,-3.2,115
Hunter Henry,LAC,TE,25,3,125.6,7.85,5,6.75,31.23333333,34
Austin Hooper,ATL,TE,25,3,86.3,5.39375,18,5.35,-8.066666667,137
Joey Bosa,LAC,DE,24,3,105.6,6.6,1,3.125,23.21666667,41
DeForest Buckner,SFO,DT,25,3,74.1,4.63125,17,0.225,-8.283333333,138
Emmanuel Ogbah,KCC,DE,26,3,49.15,3.071875,64,1.95,-33.23333333,306
Jarran Reed,SEA,DT,26,3,61.15,3.821875,37,1.025,-21.23333333,220
Jaylon Smith,DAL,LB,24,3,127,7.9375,9,1.5,1,87
Myles Jack,JAC,LB,24,3,105.1,6.56875,27,0.85,-20.9,217
Reggie Ragland,KCC,LB,26,3,76.9,4.80625,59,0.775,-49.1,352
Karl Joseph,OAK,S,26,3,69,4.3125,80,2.55,-45.45,345
Vonn Bell,NOS,S,25,3,105.8,6.6125,22,0.3,-8.65,143
Keanu Neal,ATL,S,24,3,123.1,7.69375,4,3.175,8.65,67
Xavien Howard,MIA,CB,26,3,74.05,4.628125,76,1.15,-40.4,333
Kamalei Correa,TEN,LB,25,3,55.4,3.4625,77,0.2,-70.6,399
Deion Jones,ATL,LB,25,3,138.9,8.68125,5,5.85,12.9,60
Cyrus Jones,BAL,CB,26,3,8.5,0.53125,85,2.4,-105.95,431
Yannick Ngakoue,JAC,DE,24,3,63.5,3.96875,31,0.425,-18.88333333,207
Kyler Fackrell,GBP,LB,28,3,60.5,3.78125,72,1.325,-65.5,389
Javon Hargrave,PIT,DT,26,3,51.5,3.21875,61,1.075,-30.88333333,292
B.J. Goodson,NYG,LB,26,3,59.85,3.740625,73,1.4,-66.15,392
De'Vondre Campbell,ATL,LB,26,3,83.4,5.2125,56,2.775,-42.6,339
Willie Henry,BAL,DE,25,3,43.9,2.74375,70,1.325,-38.48333333,326
Nate Sudfeld,PHI,QB,26,3,0,0,35,0,-283.1866667,462
Jake Rudock,MIA,QB,26,3,0,0,35,0,-283.1866667,462
Kamu Grugier-Hill,PHI,LB,25,3,98.45,6.153125,40,0.775,-27.55,267
Elandon Roberts,NEP,LB,25,3,61.4,3.8375,70,0.275,-64.6,387
Darius Jackson,DAL,RB,26,3,0,0,96,0,-130.8,457
Will Parks,DEN,S,25,3,73.35,4.584375,77,2.45,-41.1,336
Dwayne Washington,NOS,RB,25,3,14.38,0.89875,79,6.895,-116.42,440
DeAndre Washington,OAK,RB,26,3,36.58,2.28625,70,5.565,-94.22,422
Ka'imi Fairbairn,HOU,K,25,3,140,8.75,3,1.15,6.466666667,72
Ross Travis,IND,TE,26,4,0,0,63,0,-94.36666667,423
Jarrod Wilson,JAC,S,25,3,82.1,5.13125,70,0.175,-32.35,298
Jalen Richard,OAK,RB,26,3,103.1,6.44375,44,2.65,-27.7,268
Troymaine Pope,LAC,RB,26,3,0,0,96,0,-130.8,457
Wil Lutz,NOS,K,25,3,133.8,8.3625,7,0.4,0.266666667,93
Olsen Pierre,NYG,DT,28,3,47.9,2.99375,65,1.725,-34.48333333,309
Cory Littleton,LAR,LB,26,3,117.5,7.34375,13,0.975,-8.5,140
Tra Carson,GBP,RB,27,3,0,0,96,0,-130.8,457
J.D. McKissic,SEA,RB,26,3,52.9,3.30625,64,1.5,-77.9,409
Deshaun Watson,HOU,QB,24,2,316.6,19.7875,3,6.8,33.41333333,33
DeShone Kizer,GBP,QB,23,2,0,0,35,0,-283.1866667,462
Mitchell Trubisky,CHI,QB,25,2,297.32,18.5825,8,7.405,14.13333333,59
Joshua Dobbs,PIT,QB,24,2,0,0,35,0,-283.1866667,462
Davis Webb,NYJ,QB,24,2,0,0,35,0,-283.1866667,462
Cooper Rush,DAL,QB,26,2,0,0,35,0,-283.1866667,462
Nathan Peterman,OAK,QB,25,2,0,0,35,0,-283.1866667,462
Dalvin Cook,MIN,RB,24,2,221.5,13.84375,10,5.45,90.7,10
Alvin Kamara,NOS,RB,23,2,248.3,15.51875,3,13.6,117.5,3
Samaje Perine,WAS,RB,24,2,0,0,96,0,-130.8,457
D'Onta Foreman,HOU,RB,23,2,85.55,5.346875,51,4.49,-45.25,344
Wayne Gallman,NYG,RB,25,2,34.07,2.129375,71,6.61,-96.73,424
Corey Clement,PHI,RB,25,2,50.6,3.1625,66,8.8,-80.2,412
Donnel Pumphrey,PHI,RB,25,2,0,0,96,0,-130.8,457
Kareem Hunt,CLE,RB,24,2,73.8,4.6125,55,1.3,-57,369
Jamaal Williams,GBP,RB,24,2,82.5,5.15625,52,3.29,-48.3,351
Elijah Hood,CAR,RB,23,2,0,0,96,0,-130.8,457
Jeremy McNichols,TEN,RB,24,2,0,0,96,0,-130.8,457
Dare Ogunbowale,FA,RB,25,2,0,0,96,0,-130.8,457
O.J. Howard,TBB,TE,25,2,131.3,8.20625,4,7.75,36.93333333,31
Evan Engram,NYG,TE,25,2,121.5,7.59375,6,5.9,27.13333333,38
Jonnu Smith,TEN,TE,24,2,41.2,2.575,42,3.4,-53.16666667,360
Solomon Thomas,SFO,DT,24,2,54.1,3.38125,56,0.8,-28.28333333,271
Takkarist McKinley,ATL,DE,24,2,56.5,3.53125,51,0.725,-25.88333333,257
Tim Williams,BAL,LB,26,2,58.4,3.65,75,1.75,-67.6,396
Jarrad Davis,DET,LB,24,2,108.75,6.796875,23,0.875,-17.25,193
Raekwon McMillan,MIA,LB,23,2,89.9,5.61875,51,2.95,-36.1,318
Marshon Lattimore,NOS,CB,23,2,108.05,6.753125,19,1.175,-6.4,130
Adoree Jackson,TEN,CB,24,2,94.8,5.925,49,1.05,-19.65,213
Eddie Jackson,CHI,S,27,2,99.6,6.225,38,0.7,-14.85,179
Jamal Adams,NYJ,S,24,2,117.4,7.3375,7,1.55,2.95,83
Jabrill Peppers,NYG,S,24,2,93.25,5.828125,51,1.975,-21.2,219
Desmond King,LAC,CB,25,2,65.1,4.06875,82,27.925,-49.35,353
Marlon Mack,IND,RB,23,2,198.5,12.40625,16,3.8,67.7,17
Elijhaa Penny,NYG,RB,26,3,0,0,96,0,-130.8,457
Aldrick Rosas,NYG,K,25,3,132.9,8.30625,10,1.65,-0.633333333,100
Haason Reddick,ARI,LB,25,2,104,6.5,29,1.25,-22,223
Mo Alie-Cox,IND,TE,26,2,17.9,1.11875,57,11.47,-76.46666667,408
Tre'Davious White,BUF,CB,24,2,91.05,5.690625,53,0.325,-23.4,231
Budda Baker,ARI,S,23,2,136.5,8.53125,1,8.8,22.05,45
Tyus Bowser,BAL,LB,24,2,55.4,3.4625,77,1.65,-70.6,399
Chidobe Awuzie,DAL,CB,24,2,89.35,5.584375,59,0.4,-25.1,250
Larry Ogunjobi,CLE,DT,25,2,57.65,3.603125,47,0.4,-24.73333333,245
John Johnson,LAR,S,25,2,119.55,7.471875,6,2.525,5.1,76
Tedric Thompson,SEA,S,24,2,82.25,5.140625,68,0.125,-32.2,296
Tarik Cohen,CHI,RB,24,2,153.1,9.56875,26,4.85,22.3,43
Samson Ebukam,LAR,LB,24,2,63.25,3.953125,69,0.925,-62.75,381
George Kittle,SFO,TE,26,2,159.7,9.98125,2,16.15,65.33333333,18
Jayon Brown,TEN,LB,24,2,111.75,6.984375,18,0.95,-14.25,174
Alexander Armah,CAR,RB,25,2,0,0,96,0,-130.8,457
De'Angelo Henderson,NYJ,RB,27,2,0,0,96,0,-130.8,457
Zane Gonzalez,ARI,K,24,2,102.8,6.425,28,82.55,-30.73333333,290
Khalfani Muhammad,DEN,RB,25,2,0,0,96,0,-130.8,457
Ricky Seals-Jones,ARI,TE,24,2,41.3,2.58125,41,1.5,-53.06666667,359
Taquan Mizzell,CHI,RB,26,2,0,0,96,0,-130.8,457
Jacob Hollister,SEA,TE,26,2,10.9,0.68125,58,9.24,-83.46666667,413
Taysom Hill,NOS,QB,29,2,25.59,1.599375,34,25.59,-257.5966667,461
Baker Mayfield,CLE,QB,24,1,290.14,18.13375,9,1.155,6.953333333,70
Sam Darnold,NYJ,QB,22,1,226.5,14.15625,27,24.54,-56.68666667,367
J.T. Barrett,NOS,QB,24,1,0,0,35,0,-283.1866667,462
Tanner Lee,JAC,QB,24,1,0,0,35,0,-283.1866667,462
Saquon Barkley,NYG,RB,22,1,311.9,19.49375,1,48.9,181.1,1
Derrius Guice,WAS,RB,22,1,141,8.8125,31,0.85,10.2,62
Ronald Jones,TBB,RB,22,1,66.41,4.150625,59,5.43,-64.39,386
Sony Michel,NEP,RB,24,1,191.2,11.95,20,9.3,60.4,24
Rashaad Penny,SEA,RB,23,1,146.4,9.15,28,2.3,15.6,55
Kerryon Johnson,DET,RB,22,1,193.6,12.1,19,6.9,62.8,22
Jaylen Samuels,PIT,RB,23,1,114.5,7.15625,42,6.7,-16.3,188
Phillip Lindsay,DEN,RB,25,1,193.9,12.11875,18,1.5,63.1,21
Bo Scarbrough,SEA,RB,23,1,0,0,96,0,-130.8,457
Royce Freeman,DEN,RB,23,1,99,6.1875,46,4.75,-31.8,294
Kalen Ballage,MIA,RB,24,1,86.77,5.423125,49,1.145,-44.03,341
Nyheim Hines,IND,RB,23,1,125.8,7.8625,36,1.35,-5,122
Darrel Williams,KCC,RB,24,1,6.81,0.425625,83,0.305,-123.99,444
Ralph Webb,PIT,RB,25,1,0,0,96,0,-130.8,457
Roc Thomas,MIN,RB,24,1,0,0,96,0,-130.8,457
Troy Fumagalli,DEN,TE,24,1,0,0,63,0,-94.36666667,423
Dallas Goedert,PHI,TE,25,1,75.7,4.73125,21,3.6,-18.66666667,204
Durham Smythe,MIA,TE,24,1,0,0,63,0,-94.36666667,423
Ian Thomas,CAR,TE,23,1,47.6,2.975,39,5.05,-46.76666667,348
Hayden Hurst,BAL,TE,26,1,61.6,3.85,29,2.25,-32.76666667,303
Arden Key,OAK,DE,23,1,57,3.5625,49,0.45,-25.38333333,252
Da'Shawn Hand,DET,DT,24,1,58.1,3.63125,45,0.35,-24.28333333,241
Maurice Hurst,OAK,DT,24,1,63,3.9375,33,0.875,-19.38333333,210
Taven Bryan,JAC,DT,23,1,51.6,3.225,60,0.05,-30.78333333,291
Roquan Smith,CHI,LB,22,1,145.55,9.096875,4,9.175,19.55,48
Tremaine Edmunds,BUF,LB,21,1,133.85,8.365625,6,4.15,7.85,69
Rashaan Evans,TEN,LB,23,1,93.25,5.828125,47,1.675,-32.75,302
Harold Landry,TEN,LB,23,1,65.85,4.115625,67,1.7,-60.15,378
Josey Jewell,DEN,LB,25,1,78.85,4.928125,58,2.325,-47.15,349
Uchenna Nwosu,LAC,LB,23,1,70.15,4.384375,63,2.075,-55.85,364
Jerome Baker,MIA,LB,23,1,96.4,6.025,44,0.375,-29.6,283
Minkah Fitzpatrick,MIA,S,23,1,108.9,6.80625,18,0.95,-5.55,125
Derwin James,LAC,S,23,1,130.85,8.178125,2,7.025,16.4,52
Ronnie Harrison,JAC,S,22,1,105.6,6.6,23,0.275,-8.85,144
Daniel Carlson,OAK,K,24,1,123,7.6875,20,1.85,-10.53333333,151
Da'Ron Payne,WAS,DT,22,1,69.35,4.334375,24,2.725,-13.03333333,169
Leighton Vander Esch,DAL,LB,22,1,151.1,9.44375,3,8.875,25.1,40
Jaire Alexander,GBP,CB,22,1,103.9,6.49375,26,0.3,-10.55,152
Jessie Bates,CIN,S,22,1,114.4,7.15,10,0.95,-0.05,97
Donte Jackson,CAR,CB,24,1,95.1,5.94375,48,0.575,-19.35,209
Fred Warner,SFO,LB,23,1,106.1,6.63125,26,1.3,-19.9,214
Tracy Walker,DET,S,24,1,85.65,5.353125,63,0.45,-28.8,275
Oren Burks,GBP,LB,24,1,85.4,5.3375,54,1.825,-40.6,335
Kyzir White,LAC,LB,23,1,83.75,5.234375,55,0.85,-42.25,338
Armani Watts,KCC,S,23,1,61.25,3.828125,83,50.45,-53.2,361
Ito Smith,ATL,RB,24,1,85.7,5.35625,50,1.675,-45.1,343
Dalton Schultz,DAL,TE,23,1,28.7,1.79375,51,0.65,-65.66666667,390
Tre Flowers,SEA,CB,24,1,89.75,5.609375,57,0.225,-24.7,244
Genard Avery,CLE,LB,24,1,76.1,4.75625,61,4.825,-49.9,355
Tremon Smith,KCC,CB,23,1,6,0.375,87,0,-108.45,435
Boston Scott,PHI,RB,24,1,0,0,96,0,-130.8,457
Trenton Cannon,NYJ,RB,25,1,27.96,1.7475,72,1.18,-102.84,426
Gus Edwards,BAL,RB,24,1,79.62,4.97625,53,3.32,-51.18,357
Deon Yelder,KCC,TE,24,1,0,0,63,0,-94.36666667,423
Dontrell Hilliard,CLE,RB,24,1,0,0,96,0,-130.8,457
Detrez Newsome,LAC,RB,25,1,7.23,0.451875,81,0.315,-123.57,442
Buddy Howell,HOU,RB,23,1,0,0,96,0,-130.8,457
De'Lance Turner,BAL,RB,24,1,0,0,96,0,-130.8,457
Dalyn Dawkins,TEN,RB,25,1,0,0,96,0,-130.8,457
Jeffery Wilson,SFO,RB,24,1,7.02,0.43875,82,0.235,-123.78,443
Easton Stick,LAC,QB,0,0,0,0,35,0,-283.1866667,462
Miles Sanders,PHI,RB,22,0,5.19,0.324375,86,1.885,-125.61,447
Justice Hill,BAL,RB,22,0,3.54,0.22125,87,0.77,-127.26,448
Darrell Henderson,LAR,RB,22,0,6.25,0.390625,85,1.885,-124.55,446
Devine Ozigbo,NOS,RB,23,0,0,0,96,0,-130.8,457
Damarea Crockett,HOU,RB,0,0,0,0,96,0,-130.8,457
Darrin Hall,CIN,RB,23,0,0,0,96,0,-130.8,457
Noah Fant,DEN,TE,22,0,69.5,4.34375,24,1.2,-24.86666667,247
Jace Sternberger,GBP,TE,0,0,0,0,63,0,-94.36666667,423
Irv Smith Jr.,MIN,TE,21,0,1.15,0.071875,61,0.84,-93.21666667,420
Dawson Knox,BUF,TE,23,0,0,0,63,0,-94.36666667,423
Montez Sweat,WAS,LB,23,0,53.35,3.334375,57,0.6,-29.03333333,277
Quinnen Williams,NYJ,DT,22,0,58.9,3.68125,42,0.15,-23.48333333,232
Ed Oliver,BUF,DT,22,0,58.75,3.671875,43,0.25,-23.63333333,235
Foster Moreau,OAK,TE,22,0,0,0,63,0,-94.36666667,423
Darwin Thompson,KCC,RB,0,0,2.15,0.134375,90,0.22,-128.65,451
Cullen Gillaspia,HOU,RB,24,0,0,0,96,0,-130.8,457
Kerrith Whyte,CHI,RB,23,0,0,0,96,0,-130.8,457
D'Ernest Johnson,CLE,RB,0,0,0,0,96,0,-130.8,457
Wes Hills,ARI,RB,24,0,0,0,96,0,-130.8,457
