Yahoo-ID,Player,Team,Position,Proj-Value,AAV,Percent-Drafted,ADP,Avg-Round,Percent-Drafted
30972,Saquon Barkley,NYG,RB,$61 ,72.9,100%,1.3,1.1,100%
29238,Ezekiel Elliott,Dal,RB,$62 ,70.6,100%,2.1,1.1,100%
30180,Alvin Kamara,NO,RB,$60 ,68.6,100%,3.3,1.1,100%
30121,Christian McCaffrey,Car,RB,$58 ,66.6,100%,4.2,1.1,100%
26671,Le'Veon Bell,NYJ,RB,$50 ,60.3,100%,6.3,1.1,100%
28403,Melvin Gordon III,LAC,RB,$56 ,60.6,100%,6.7,1.1,100%
26650,DeAndre Hopkins,Hou,WR,$54 ,57.4,100%,7.7,1.2,100%
28474,David Johnson,Ari,RB,$52 ,55.9,100%,8.7,1.3,100%
27581,Davante Adams,GB,WR,$49 ,52.9,100%,10.8,1.6,100%
30218,James Conner,Pit,RB,$43 ,51.5,100%,11,1.6,100%
24793,Julio Jones,Atl,WR,$48 ,50,100%,12.2,2,100%
27540,Odell Beckham Jr.,Cle,WR,$44 ,48.1,100%,13.8,2.1,100%
29281,Michael Thomas,NO,WR,$45 ,47.9,100%,14.1,2.1,100%
26686,Travis Kelce,KC,TE,$44 ,45.7,100%,16.3,2.2,100%
30161,Joe Mixon,Cin,RB,$41 ,45.5,100%,16.6,2.3,100%
31005,Nick Chubb,Cle,RB,$46 ,45,100%,17.1,2.3,100%
28398,Todd Gurley II,LAR,RB,$35 ,39.7,100%,17.3,2.4,100%
30175,JuJu Smith-Schuster,Pit,WR,$42 ,43.3,100%,17.8,2.3,100%
30123,Patrick Mahomes,KC,QB,$24 ,28.3,100%,18.5,2.6,100%
24171,Antonio Brown,Oak,WR,$38 ,40,100%,19.6,2.6,100%
30154,Dalvin Cook,Min,RB,$40 ,37.8,100%,21.2,2.8,100%
30259,George Kittle,SF,TE,$39 ,39.3,100%,22.1,2.9,100%
26658,Zach Ertz,Phi,TE,$36 ,35.1,100%,23.6,3.2,100%
27535,Mike Evans,TB,WR,$36 ,35.2,100%,23.6,3.2,100%
25802,T.Y. Hilton,Ind,WR,$36 ,31.1,100%,27.2,3.4,100%
26699,Keenan Allen,LAC,WR,$36 ,29.9,100%,28.6,3.5,100%
29279,Derrick Henry,Ten,RB,$36 ,32.5,100%,28.9,3.5,100%
27277,Adam Thielen,Min,WR,$35 ,30,100%,28.9,3.7,100%
28392,Amari Cooper,Dal,WR,$36 ,29.9,100%,29.8,3.7,100%
28115,Damien Williams,KC,RB,$36 ,27.1,100%,31.5,3.9,100%
24791,A.J. Green,Cin,WR,$36 ,29.2,100%,31.9,3.9,100%
30117,Leonard Fournette,Jax,RB,$30 ,27.2,100%,32.1,4,100%
30256,Marlon Mack,Ind,RB,$36 ,28.2,100%,33.7,4.2,100%
28534,Stefon Diggs,Min,WR,$33 ,24.2,100%,34.6,4.3,100%
30295,Aaron Jones,GB,RB,$25 ,16.1,100%,37.2,4.6,100%
26664,Robert Woods,LAR,WR,$33 ,19.7,100%,38.3,4.6,100%
30209,Kenny Golladay,Det,WR,$28 ,22.3,100%,39.1,4.7,100%
30125,Deshaun Watson,Hou,QB,$23 ,14.1,100%,40.9,4.9,100%
27548,Brandin Cooks,LAR,WR,$24 ,15.5,100%,41.3,5,100%
31001,Sony Michel,NE,RB,$18 ,16.3,100%,42.3,5.1,100%
9496,Julian Edelman,NE,WR,$30 ,15,100%,42.5,5.1,100%
25711,Andrew Luck,Ind,QB,$23 ,15.6,100%,42.6,5.1,100%
27631,Devonta Freeman,Atl,RB,$29 ,14.8,100%,42.8,5.1,100%
7200,Aaron Rodgers,GB,QB,$22 ,12.4,100%,43,5.1,100%
31013,Kerryon Johnson,Det,RB,$23 ,11.6,100%,45.5,5.4,100%
31379,Phillip Lindsay,Den,RB,$22 ,10.9,100%,46.5,5.5,100%
30197,Chris Godwin,TB,WR,$27 ,15.3,100%,48,5.6,100%
31856,Josh Jacobs,Oak,RB,$23 ,10,100%,51.4,6,99%
30132,O.J. Howard,TB,TE,$18 ,8.7,100%,52.1,6.3,100%
30971,Baker Mayfield,Cle,QB,$16 ,7.2,100%,53.5,6.3,100%
24815,Mark Ingram,Bal,RB,$18 ,7.6,100%,58.1,6.8,100%
29269,Hunter Henry,LAC,TE,$13 ,5.7,100%,58.4,6.9,100%
25785,Russell Wilson,Sea,QB,$14 ,5,100%,59.3,6.9,100%
27589,Allen Robinson II,Chi,WR,$23 ,11.3,100%,60.1,6.8,100%
30362,Chris Carson,Sea,RB,$16 ,7.4,100%,60.6,6.9,100%
30136,Evan Engram,NYG,TE,$16 ,5.2,100%,60.9,7.1,100%
30182,Cooper Kupp,LAR,WR,$23 ,8.9,100%,62,7.1,100%
chicago,Chicago,Chi,DEF,$2 ,6.8,100%,63,7.4,100%
27591,Jarvis Landry,Cle,WR,$16 ,6.3,100%,63.9,7.3,100%
5479,Drew Brees,NO,QB,$9 ,3.7,100%,64.3,7.5,100%
25755,Alshon Jeffery,Phi,WR,$22 ,8.8,100%,68.3,7.7,100%
9353,Jared Cook,NO,TE,$14 ,4.1,100%,68.3,7.8,100%
30120,Mike Williams,LAC,WR,$21 ,4.2,100%,69,8,100%
8780,Matt Ryan,Atl,QB,$12 ,3.2,100%,69.7,8,100%
27538,Eric Ebron,Ind,TE,$13 ,3.2,100%,70.7,8.1,100%
30232,Tarik Cohen,Chi,RB,$14 ,3.5,100%,70.9,8.1,100%
29307,Kenyan Drake,Mia,RB,$18 ,5.1,100%,72,8.3,100%
30994,D.J. Moore,Car,WR,$22 ,6.9,100%,72.2,8.1,100%
25881,Greg Zuerlein,LAR,K,$1 ,3.1,100%,73.5,8.4,100%
la-rams,Los Angeles,LAR,DEF,$1 ,2.5,100%,73.6,8.6,100%
28457,Tyler Lockett,Sea,WR,$23 ,6.8,100%,74,8.4,100%
31905,David Montgomery,Chi,RB,$18 ,5.2,100%,74.5,8.5,98%
29399,Tyreek Hill,KC,WR,$5 ,26.8,82%,74.9,8.2,83%
24788,Cam Newton,Car,QB,$10 ,2.9,100%,75.3,8.5,100%
baltimore,Baltimore,Bal,DEF,$1 ,1.6,100%,75.9,8.8,100%
30996,Calvin Ridley,Atl,WR,$22 ,4.3,100%,76.8,8.7,100%
jacksonville,Jacksonville,Jax,DEF,$1 ,1.7,100%,79.2,9.1,100%
31029,Derrius Guice,Was,RB,$12 ,3.9,100%,79.5,9,100%
27532,Sammy Watkins,KC,WR,$18 ,4,100%,80.7,9.2,100%
30142,David Njoku,Cle,TE,$9 ,2.3,100%,81.1,9.2,100%
26534,Justin Tucker,Bal,K,$1 ,2,100%,82.5,9.4,100%
29288,Tyler Boyd,Cin,WR,$13 ,3,100%,84.4,9.6,100%
27658,James White,NE,RB,$12 ,2.6,100%,84.8,9.6,100%
29384,Jordan Howard,Phi,RB,$7 ,3.3,100%,85.4,9.8,100%
30346,Harrison Butker,KC,K,$1 ,1.6,100%,85.5,9.8,100%
minnesota,Minnesota,Min,DEF,$1 ,1.3,99%,86.4,9.8,100%
30118,Corey Davis,Ten,WR,$14 ,3.4,100%,86.5,9.7,100%
29785,Robby Anderson,NYJ,WR,$22 ,3.9,100%,88.7,10,100%
7867,Stephen Gostkowski,NE,K,$1 ,1.3,100%,90.2,10.2,100%
25807,Lamar Miller,Hou,RB,$12 ,2.9,100%,93.6,10.5,100%
31833,Kyler Murray,Ari,QB,$9 ,2.2,100%,94.5,10.5,98%
houston,Houston,Hou,DEF,$1 ,1.3,100%,95.1,10.7,99%
28461,Tevin Coleman,SF,RB,$10 ,2.2,100%,95.5,10.8,100%
29236,Carson Wentz,Phi,QB,$9 ,1.9,100%,95.5,10.7,100%
29754,Wil Lutz,NO,K,$1 ,1.4,100%,95.5,10.7,99%
la-chargers,Los Angeles,LAC,DEF,$1 ,1.1,99%,96.1,10.8,99%
29255,Will Fuller V,Hou,WR,$12 ,2.1,100%,98,11,100%
29792,Ka'imi Fairbairn,Hou,K,$0 ,1.3,99%,100,11.2,99%
29235,Jared Goff,LAR,QB,$7 ,1.7,100%,100.7,11.3,100%
30199,Kareem Hunt,Cle,RB,$2 ,3.5,45%,100.9,11,74%
25876,Marvin Jones Jr.,Det,WR,$12 ,1.5,100%,101.2,11.4,99%
29274,Sterling Shepard,NYG,WR,$10 ,1.6,100%,101.4,11.4,99%
7924,Delanie Walker,Ten,TE,$6 ,1.4,100%,103.9,11.6,99%
26804,Latavius Murray,NO,RB,$8 ,1.5,100%,104,11.7,100%
31017,Christian Kirk,Ari,WR,$12 ,1.4,100%,104.9,11.8,99%
cleveland,Cleveland,Cle,DEF,$1 ,1.2,99%,105.6,11.8,99%
25105,Doug Baldwin,Sea,WR,$0 ,5.7,16%,105.9,11.5,6%
5228,Tom Brady,NE,QB,$2 ,2.3,84%,107.4,12,90%
31010,Courtland Sutton,Den,WR,$8 ,1.3,98%,108.1,12.2,95%
30997,Rashaad Penny,Sea,RB,$8 ,1.4,100%,109,12.4,95%
atlanta,Atlanta,Atl,DEF,$0 ,1,0%,109.5,11.4,13%
26678,Vance McDonald,Pit,TE,$5 ,1.7,96%,111.6,12.6,95%
27624,Jerick McKinnon,SF,RB,$7 ,1.4,100%,111.9,12.6,98%
24035,Golden Tate,NYG,WR,$7 ,1.4,96%,112,12.6,91%
25798,Nick Foles,Jax,QB,$1 ,1,2%,112.6,12,4%
9317,LeSean McCoy,Buf,RB,$7 ,1.4,95%,112.8,12.7,92%
6770,Ben Roethlisberger,Pit,QB,$7 ,1.5,100%,112.9,12.7,97%
31014,Dante Pettis,SF,WR,$8 ,1.3,97%,113.1,12.7,89%
3727,Adam Vinatieri,Ind,K,$0 ,1.1,98%,113.1,12.6,96%
31902,Darrell Henderson,LAR,RB,$6 ,3.2,41%,114.2,12.7,44%
31885,Miles Sanders,Phi,RB,$7 ,1.5,56%,115.7,13,55%
30223,Dede Westbrook,Jax,WR,$8 ,1.3,91%,116.9,13.1,84%
31073,Keke Coutee,Hou,WR,$8 ,1.1,93%,117,13.4,73%
9265,Matthew Stafford,Det,QB,$1 ,1.1,2%,117.1,12.4,4%
28389,Jameis Winston,TB,QB,$7 ,1.3,100%,117.7,13.1,99%
28408,Nelson Agholor,Phi,WR,$0 ,1,1%,118.1,12.7,2%
6405,Jason Witten,Dal,TE,$0 ,1.1,3%,118.4,12.7,6%
green-bay,Green Bay,GB,DEF,$0 ,1,3%,118.6,12.8,5%
6762,Larry Fitzgerald,Ari,WR,$7 ,1.4,67%,118.7,13.3,65%
30115,Mitchell Trubisky,Chi,QB,$3 ,1.3,85%,118.9,13.4,82%
26767,Kenny Stills,Mia,WR,$1 ,1.8,2%,119.2,12.9,2%
31864,N'Keal Harry,NE,WR,$6 ,1.9,20%,119.3,12.8,40%
27564,Derek Carr,Oak,QB,$1 ,2.4,3%,120,12.8,7%
24851,Randall Cobb,Dal,WR,$0 ,1,1%,120,12.6,3%
24057,Emmanuel Sanders,Den,WR,$1 ,1.4,11%,120.2,12.7,35%
8261,Adrian Peterson,Was,RB,$1 ,2.6,22%,120.3,13.1,32%
27789,Trey Burton,Chi,TE,$6 ,1.2,98%,120.4,13.3,97%
26644,Tyler Eifert,Cin,TE,$1 ,0,0%,120.6,12.5,2%
31008,Ronald Jones II,TB,RB,$5 ,1.4,63%,120.7,13.9,45%
23997,Demaryius Thomas,NE,WR,$0 ,1,1%,120.9,12.7,3%
8826,DeSean Jackson,Phi,WR,$6 ,2.3,16%,121.6,13,37%
31041,Royce Freeman,Den,RB,$7 ,1.2,96%,122.3,14,75%
26813,Rex Burkhead,NE,RB,$1 ,1,1%,122.7,13.1,3%
29369,Dak Prescott,Dal,QB,$7 ,1.2,78%,122.8,13.9,68%
24830,Kyle Rudolph,Min,TE,$3 ,1.2,91%,122.8,13.8,86%
8285,Greg Olsen,Car,TE,$1 ,1.1,85%,122.8,13.8,84%
27585,Carlos Hyde,KC,RB,$1 ,1.8,18%,122.9,13.3,30%
31888,Mecole Hardman,KC,WR,$1 ,1.7,18%,122.9,13.5,22%
7520,Robbie Gould,SF,K,$0 ,1,96%,122.9,13.7,93%
31077,Chris Herndon,NYJ,TE,$6 ,1.4,99%,123.1,13.6,96%
new-orleans,New Orleans,NO,DEF,$0 ,1,95%,123.2,13.9,85%
6763,Philip Rivers,LAC,QB,$6 ,1.2,98%,123.6,13.8,92%
kansas-city,Kansas City,KC,DEF,$0 ,1,3%,123.9,12.9,18%
31002,Lamar Jackson,Bal,QB,$6 ,1.5,95%,124.1,13.8,91%
30202,D'Onta Foreman,Hou,RB,$1 ,1.2,5%,124.2,13.2,14%
28465,Duke Johnson Jr.,Cle,RB,$1 ,1.3,1%,124.6,13.1,4%
28514,Mike Davis,Chi,RB,$1 ,1.1,6%,124.6,13.1,35%
31021,Anthony Miller,Chi,WR,$7 ,1.1,61%,124.7,14.8,32%
31847,Dwayne Haskins,Was,QB,$0 ,2,1%,125,13.1,3%
31075,Antonio Callaway,Cle,WR,$1 ,1.5,1%,125.3,13.3,2%
31896,DK Metcalf,Sea,WR,$1 ,2,12%,125.5,13.4,30%
31857,Marquise Brown,Bal,WR,$0 ,1.3,7%,125.5,13.4,16%
30973,Sam Darnold,NYJ,QB,$1 ,1,6%,125.6,15,3%
detroit,Detroit,Det,DEF,$0 ,1,1%,125.7,13.5,2%
30153,Curtis Samuel,Car,WR,$7 ,1.2,41%,126,14.5,26%
new-england,New England,NE,DEF,$0 ,1,85%,126,14.1,74%
carolina,Carolina,Car,DEF,$0 ,1,1%,126.2,13.5,2%
31135,Jaylen Samuels,Pit,RB,$1 ,1.3,7%,126.3,13.7,12%
pittsburgh,Pittsburgh,Pit,DEF,$0 ,1,7%,126.3,13.4,18%
25793,Mohamed Sanu,Atl,WR,$1 ,1.3,2%,126.7,13.6,5%
30423,Austin Ekeler,LAC,RB,$1 ,1.9,5%,126.8,13.5,16%
31051,Michael Gallup,Dal,WR,$7 ,1.4,22%,127,14.5,15%
31144,Marquez Valdes-Scantling,GB,WR,$3 ,2.6,8%,127.1,13.6,15%
31601,Robert Foster,Buf,WR,$1 ,2.7,4%,127.1,14.7,2%
28429,Devin Funchess,Ind,WR,$5 ,1.7,11%,127.3,13.5,29%
27618,Donte Moncrief,Pit,WR,$1 ,1.6,5%,127.3,13.5,13%
31919,Damien Harris,NE,RB,$1 ,2.8,3%,127.3,13.5,8%
24070,Jimmy Graham,GB,TE,$1 ,1.1,64%,127.4,14.2,63%
indianapolis,Indianapolis,Ind,DEF,$0 ,1.1,4%,127.5,13.7,7%
25812,Kirk Cousins,Min,QB,$1 ,1,9%,127.6,13.6,22%
31030,James Washington,Pit,WR,$1 ,1,2%,127.8,13.5,7%
28691,Tyrell Williams,Oak,WR,$1 ,1.7,6%,127.8,13.6,15%
26878,C.J. Anderson,Det,RB,$1 ,3.3,2%,127.8,13.6,5%
31074,Nyheim Hines,Ind,RB,$1 ,2,6%,127.9,13.5,19%
philadelphia,Philadelphia,Phi,DEF,$0 ,1.1,10%,127.9,13.7,17%
29719,Geronimo Allison,GB,WR,$3 ,1.6,7%,128.1,14,8%
denver,Denver,Den,DEF,$0 ,1.1,31%,128.3,14,39%
29560,Peyton Barber,TB,RB,$1 ,1.2,8%,128.5,13.9,12%
30247,Jamaal Williams,GB,RB,$1 ,1,1%,128.6,14,2%
31083,DaeSean Hamilton,Den,WR,$4 ,2.8,2%,128.9,13.8,3%
31096,Ito Smith,Atl,RB,$4 ,1.2,37%,128.9,15.6,17%
29070,Adam Humphries,Ten,WR,$1 ,1,1%,128.9,13.5,4%
31906,Devin Singletary,Buf,RB,$1 ,2.5,4%,129,14.1,6%
26561,Josh Gordon,NE,WR,$0 ,1.3,4%,129,13.9,7%
28402,DeVante Parker,Mia,WR,$1 ,1.2,2%,129.1,13.6,4%
dallas,Dallas,Dal,DEF,$0 ,3.6,11%,129.1,13.8,21%
tennessee,Tennessee,Ten,DEF,$0 ,1,1%,129.2,13.6,3%
31100,Kalen Ballage,Mia,RB,$1 ,1,3%,129.3,14.5,2%
31891,Parris Campbell,Ind,WR,$1 ,6.7,6%,129.7,14.3,6%
26701,Marquise Goodwin,SF,WR,$5 ,1.7,8%,129.8,14.2,10%
30552,Matt Breida,SF,RB,$4 ,1.3,73%,129.8,15.4,38%
24936,Dion Lewis,Ten,RB,$2 ,1.4,10%,129.9,14,17%
buffalo,Buffalo,Buf,DEF,$0 ,1,31%,129.9,14.5,29%
31538,Greg Joseph,Cle,K,$0 ,0,0%,129.9,13.4,4%
27120,Brandon McManus,Den,K,$0 ,0,0%,130,13.4,4%
31840,T.J. Hockenson,Det,TE,$1 ,1.1,42%,130.1,14.5,39%
30977,Josh Allen,Buf,QB,$3 ,1.3,29%,130.6,15.4,17%
27619,John Brown,Buf,WR,$1 ,1,1%,130.6,13.6,6%
31868,Deebo Samuel,SF,WR,$1 ,2.6,5%,130.6,16.1,2%
27590,Jimmy Garoppolo,SF,QB,$3 ,1.2,90%,131,14.9,69%
31934,Alexander Mattison,Min,RB,$0 ,1.7,1%,131.3,14.2,2%
31852,Noah Fant,Den,TE,$1 ,1.1,12%,131.4,14.3,16%
29949,Aldrick Rosas,NYG,K,$0 ,1,88%,131.5,14.7,79%
28188,Chris Boswell,Pit,K,$0 ,1,1%,131.6,13.9,4%
27299,Jack Doyle,Ind,TE,$4 ,1.1,95%,132,14.9,84%
28378,Jason Myers,Sea,K,$0 ,1,11%,132.2,13.9,47%
ny-jets,New York,NYJ,DEF,$0 ,2.8,2%,132.3,14.4,2%
29315,Austin Hooper,Atl,TE,$6 ,1,90%,132.9,15,79%
san-francisco,San Francisco,SF,DEF,$0 ,1.7,8%,133.1,15.3,5%
31019,Dallas Goedert,Phi,TE,$1 ,1.4,2%,133.2,13.9,6%
24017,Rob Gronkowski,NE,TE,$0 ,1,1%,133.3,14,3%
31056,Mark Andrews,Bal,TE,$1 ,1,2%,134.1,14.1,10%
31366,Michael Badgley,LAC,K,$0 ,1,94%,134.4,15,86%
26708,Jordan Reed,Was,TE,$2 ,1,73%,135.7,15.3,55%
seattle,Seattle,Sea,DEF,$0 ,1,52%,136.6,15.5,37%
8447,Mason Crosby,GB,K,$0 ,1,70%,138.2,15.6,55%
27369,Brett Maher,Dal,K,$0 ,1,91%,139.3,15.6,80%
30266,Jake Elliott,Phi,K,$0 ,1,61%,141.9,16,47%
9526,Graham Gano,Car,K,$0 ,1,23%,143.2,16.2,16%
8565,Matt Prater,Det,K,$0 ,1,77%,143.5,16.4,51%
26264,Giorgio Tavecchio,Atl,K,$0 ,1,89%,144,16.2,70%
25427,Dan Bailey,Min,K,$0 ,1,63%,144.1,16.4,41%
28493,Jamison Crowder,NYJ,WR,$1 ,0,0%,0,0,0%
27737,Quincy Enunwa,NYJ,WR,$1 ,0,0%,0,0,0%
30301,Elijah McGuire,NYJ,RB,$1 ,0,0%,0,0,0%
31061,Tre'Quan Smith,NO,WR,$1 ,0,0%,0,0,0%
31424,Gus Edwards,Bal,RB,$1 ,0,0%,0,0,0%
29368,Kenneth Dixon,Bal,RB,$1 ,0,0%,0,0,0%
26777,Chris Thompson,Was,RB,$1 ,0,0%,0,0,0%
24822,Andy Dalton,Cin,QB,$1 ,0,0%,0,0,0%
31894,Andy Isabella,Ari,WR,$1 ,0,0%,0,0,0%
31012,Mike Gesicki,Mia,TE,$1 ,0,0%,0,0,0%
30150,Zay Jones,Buf,WR,$1 ,0,0%,0,0,0%
28390,Marcus Mariota,Ten,QB,$1 ,0,0%,0,0,0%
26660,Giovani Bernard,Cin,RB,$1 ,0,0%,0,0,0%
30157,Gerald Everett,LAR,TE,$1 ,0,0%,0,0,0%
28234,Taylor Gabriel,Chi,WR,$1 ,0,0%,0,0,0%
30494,Ricky Seals-Jones,Ari,TE,$0 ,0,0%,0,0,0%
31883,A.J. Brown,Ten,WR,$0 ,0,0%,0,0,0%
30339,David Moore,Sea,WR,$0 ,0,0%,0,0,0%
28046,Albert Wilson,Mia,WR,$0 ,0,0%,0,0,0%
7241,Frank Gore,Buf,RB,$0 ,0,0%,0,0,0%
9037,Danny Amendola,Det,WR,$0 ,0,0%,0,0,0%
30995,Hayden Hurst,Bal,TE,$1 ,0,0%,0,0,0%
27566,Austin Seferian-Jenkins,NE,TE,$1 ,0,0%,0,0,0%
8263,Ted Ginn Jr.,NO,WR,$0 ,0,0%,0,0,0%
8795,Joe Flacco,Den,QB,$0 ,0,0%,0,0,0%
7426,Ryan Fitzpatrick,Mia,QB,$0 ,0,0%,0,0,0%
27567,Marqise Lee,Jax,WR,$1 ,0,0%,0,0,0%
31945,Justice Hill,Bal,RB,$0 ,0,0%,0,0,0%
30122,John Ross,Cin,WR,$1 ,0,0%,0,0,0%
28424,T.J. Yeldon,Buf,RB,$1 ,0,0%,0,0,0%
26822,Theo Riddick,Det,RB,$1 ,0,0%,0,0,0%
31567,Josh Adams,Phi,RB,$1 ,0,0%,0,0,0%
30707,Corey Clement,Phi,RB,$0 ,0,0%,0,0,0%
31071,Ian Thomas,Car,TE,$0 ,0,0%,0,0,0%
31972,Ryquell Armstead,Jax,RB,$0 ,0,0%,0,0,0%
28990,Malcolm Brown,LAR,RB,$0 ,0,0%,0,0,0%
30980,Josh Rosen,Mia,QB,$0 ,0,0%,0,0,0%
29256,Josh Doctson,Was,WR,$0 ,0,0%,0,0,0%
30230,Josh Reynolds,LAR,WR,$0 ,0,0%,0,0,0%
31908,Terry McLaurin,Was,WR,$0 ,0,0%,0,0,0%
31177,Equanimeous St. Brown,GB,WR,$0 ,0,0%,0,0,0%
28537,Jay Ajayi,Phi,RB,$1 ,0,0%,0,0,0%
27573,Paul Richardson Jr.,Was,WR,$0 ,0,0%,0,0,0%
28267,Cameron Brate,TB,TE,$1 ,0,0%,0,0,0%
31889,JJ Arcega-Whiteside,Phi,WR,$0 ,0,0%,0,0,0%
30185,Taywan Taylor,Ten,WR,$0 ,0,0%,0,0,0%
28685,Josh Lambo,Jax,K,$0 ,0,0%,0,0,0%
31954,Benny Snell Jr.,Pit,RB,$0 ,0,0%,0,0,0%
9520,Ryan Succop,Ten,K,$0 ,0,0%,0,0,0%
6243,Matt Bryant,Atl,K,$0 ,0,0%,0,0,0%
6760,Eli Manning,NYG,QB,$0 ,0,0%,0,0,0%
30213,Jonnu Smith,Ten,TE,$0 ,0,0%,0,0,0%
26483,Case Keenum,Was,QB,$0 ,0,0%,0,0,0%
9066,Stephen Hauschka,Buf,K,$0 ,0,0%,0,0,0%
28227,Cairo Santos,TB,K,$0 ,0,0%,0,0,0%
arizona,Arizona,Ari,DEF,$0 ,0,0%,0,0,0%
25718,Ryan Tannehill,Ten,QB,$0 ,0,0%,0,0,0%
8266,Marshawn Lynch,Oak,RB,$0 ,0,0%,0,0,0%
29405,Alex Collins,Bal,RB,$0 ,0,0%,0,0,0%
28014,Isaiah Crowell,Oak,RB,$1 ,0,0%,0,0,0%
31090,Will Dissly,Sea,TE,$0 ,0,0%,0,0,0%
30217,C.J. Beathard,SF,QB,$0 ,0,0%,0,0,0%
8813,Jordy Nelson,Oak,WR,$0 ,0,0%,0,0,0%
7177,Alex Smith,Was,QB,$0 ,0,0%,0,0,0%
24913,Bilal Powell,NYJ,RB,$0 ,0,0%,0,0,0%
24053,Brandon LaFell,Oak,WR,$0 ,0,0%,0,0,0%
6791,Benjamin Watson,NE,TE,$0 ,0,0%,0,0,0%
9274,Michael Crabtree,Bal,WR,$0 ,0,0%,0,0,0%
7306,Darren Sproles,Phi,RB,$0 ,0,0%,0,0,0%
25120,Dontrelle Inman,NE,WR,$0 ,0,0%,0,0,0%
washington,Washington,Was,DEF,$0 ,0,0%,0,0,0%
7755,Vernon Davis,Was,TE,$0 ,0,0%,0,0,0%
30563,Nick Mullens,SF,QB,$0 ,0,0%,0,0,0%
miami,Miami,Mia,DEF,$0 ,0,0%,0,0,0%
28480,Jeff Heuerman,Den,TE,$0 ,0,0%,0,0,0%
28548,Jesse James,Det,TE,$0 ,0,0%,0,0,0%
26060,Cole Beasley,Buf,WR,$0 ,0,0%,0,0,0%
29406,Rashard Higgins,Cle,WR,$0 ,0,0%,0,0,0%
25178,Chris Hogan,Car,WR,$0 ,0,0%,0,0,0%
27531,Blake Bortles,LAR,QB,$0 ,0,0%,0,0,0%
28634,Geoff Swaim,Jax,TE,$0 ,0,0%,0,0,0%
26800,Dustin Hopkins,Was,K,$0 ,0,0%,0,0,0%
30000,Jalen Richard,Oak,RB,$0 ,0,0%,0,0,0%
28545,C.J. Uzomah,Cin,TE,$0 ,0,0%,0,0,0%
8982,Pierre Garcon,SF,WR,$0 ,0,0%,0,0,0%
25741,Doug Martin,Oak,RB,$0 ,0,0%,0,0,0%
27911,Cody Parkey,Chi,K,$0 ,0,0%,0,0,0%
24045,Ed Dickson,Sea,TE,$0 ,0,0%,0,0,0%
5046,Sebastian Janikowski,Sea,K,$0 ,0,0%,0,0,0%
30784,Blake Jarwin,Dal,TE,$0 ,0,0%,0,0,0%
27634,Bruce Ellington,NE,WR,$0 ,0,0%,0,0,0%
29387,Wendell Smallwood,Phi,RB,$0 ,0,0%,0,0,0%
26612,Darren Fells,Hou,TE,$0 ,0,0%,0,0,0%
28513,Javorius Allen,NO,RB,$0 ,0,0%,0,0,0%
30158,Adam Shaheen,Chi,TE,$0 ,0,0%,0,0,0%
6663,Antonio Gates,LAC,TE,$0 ,0,0%,0,0,0%
28887,Zach Zenner,Det,RB,$0 ,0,0%,0,0,0%
27914,Erik Swoope,Oak,TE,$0 ,0,0%,0,0,0%
31137,Daniel Carlson,Oak,K,$0 ,0,0%,0,0,0%
30240,Michael Roberts,GB,TE,$0 ,0,0%,0,0,0%
28026,Willie Snead IV,Bal,WR,$0 ,0,0%,0,0,0%
30571,Anthony Firkser,Ten,TE,$0 ,0,0%,0,0,0%
30396,Keelan Cole,Jax,WR,$0 ,0,0%,0,0,0%
28103,Chandler Catanzaro,NYJ,K,$0 ,0,0%,0,0,0%
24946,Lee Smith,Buf,TE,$0 ,0,0%,0,0,0%
26253,Garrett Celek,SF,TE,$0 ,0,0%,0,0,0%
29344,Tyler Higbee,LAR,TE,$0 ,0,0%,0,0,0%
27646,Martavis Bryant,Oak,WR,$0 ,0,0%,0,0,0%
26756,Levine Toilolo,SF,TE,$0 ,0,0%,0,0,0%
31310,Matt McCrane,Pit,K,$0 ,0,0%,0,0,0%
25991,Jermaine Kearse,Det,WR,$0 ,0,0%,0,0,0%
29328,Nick Vannett,Sea,TE,$0 ,0,0%,0,0,0%
31181,Jordan Thomas,Hou,TE,$0 ,0,0%,0,0,0%
25871,Randy Bullock,Cin,K,$0 ,0,0%,0,0,0%
25681,Terrelle Pryor Sr.,Jax,WR,$0 ,0,0%,0,0,0%
26824,Ryan Griffin,Hou,TE,$0 ,0,0%,0,0,0%
25838,Rhett Ellison,NYG,TE,$0 ,0,0%,0,0,0%
26652,Cordarrelle Patterson,Chi,WR,$0 ,0,0%,0,0,0%
29609,Chester Rogers,Ind,WR,$0 ,0,0%,0,0,0%
29420,Jakeem Grant,Mia,WR,$0 ,0,0%,0,0,0%
30891,Dan Arnold,NO,TE,$0 ,0,0%,0,0,0%
28214,Seth Roberts,Bal,WR,$0 ,0,0%,0,0,0%
cincinnati,Cincinnati,Cin,DEF,$0 ,0,0%,0,0,0%
30551,Kendrick Bourne,SF,WR,$0 ,0,0%,0,0,0%
31394,Jeff Wilson Jr.,SF,RB,$0 ,0,0%,0,0,0%
28417,Phillip Dorsett,NE,WR,$1 ,0,0%,0,0,0%
24961,Charles Clay,Ari,TE,$0 ,0,0%,0,0,0%
26817,Spencer Ware,Ind,RB,$0 ,0,0%,0,0,0%
25883,Alfred Morris,SF,RB,$0 ,0,0%,0,0,0%
30112,Mo Alie-Cox,Ind,TE,$0 ,0,0%,0,0,0%
28582,Nick O'Leary,Mia,TE,$0 ,0,0%,0,0,0%
31517,Keith Kirkwood,NO,WR,$0 ,0,0%,0,0,0%
27174,Demetrius Harris,Cle,TE,$0 ,0,0%,0,0,0%
28482,Ty Montgomery,NYJ,RB,$0 ,0,0%,0,0,0%
ny-giants,New York,NYG,DEF,$0 ,0,0%,0,0,0%
30594,Jason Croom,Buf,TE,$0 ,0,0%,0,0,0%
24845,Torrey Smith,Car,WR,$0 ,0,0%,0,0,0%
27584,Cody Latimer,NYG,WR,$0 ,0,0%,0,0,0%
28875,Matt LaCosse,NE,TE,$0 ,0,0%,0,0,0%
27074,Jaron Brown,Sea,WR,$0 ,0,0%,0,0,0%
31221,Justin Jackson,LAC,RB,$0 ,0,0%,0,0,0%
24400,Chris Ivory,Buf,RB,$0 ,0,0%,0,0,0%
28464,Chris Conley,Jax,WR,$0 ,0,0%,0,0,0%
28443,Maxx Williams,Ari,TE,$0 ,0,0%,0,0,0%
9444,Zach Miller,Chi,TE,$0 ,0,0%,0,0,0%
24318,LeGarrette Blount,Det,RB,$0 ,0,0%,0,0,0%
28592,Darren Waller,Oak,TE,$0 ,0,0%,0,0,0%
24891,Luke Stocker,Atl,TE,$0 ,0,0%,0,0,0%
27709,Alfred Blue,Jax,RB,$0 ,0,0%,0,0,0%
27874,Allen Hurns,Dal,WR,$0 ,0,0%,0,0,0%
31199,Jason Sanders,Mia,K,$0 ,0,0%,0,0,0%
28531,MyCole Pruitt,Ten,TE,$0 ,0,0%,0,0,0%
24991,Virgil Green,LAC,TE,$0 ,0,0%,0,0,0%
27570,Jordan Matthews,SF,WR,$0 ,0,0%,0,0,0%
26950,Josh Hill,NO,TE,$0 ,0,0%,0,0,0%
23999,Dez Bryant,NO,WR,$0 ,0,0%,0,0,0%
30337,Zane Gonzalez,Ari,K,$0 ,0,0%,0,0,0%
27556,Kelvin Benjamin,KC,WR,$0 ,0,0%,0,0,0%
28590,A.J. Derby,Mia,TE,$0 ,0,0%,0,0,0%
24608,Logan Paulsen,Atl,TE,$0 ,0,0%,0,0,0%
26631,Tavon Austin,Dal,WR,$0 ,0,0%,0,0,0%
tampa-bay,Tampa Bay,TB,DEF,$0 ,0,0%,0,0,0%
28414,Breshad Perriman,TB,WR,$0 ,0,0%,0,0,0%
27670,Ryan Grant,Oak,WR,$0 ,0,0%,0,0,0%
28559,Nick Boyle,Bal,TE,$0 ,0,0%,0,0,0%
27821,Kapri Bibbs,GB,RB,$0 ,0,0%,0,0,0%
29789,Stephen Anderson,NE,TE,$0 ,0,0%,0,0,0%
31198,Marcell Ateman,Oak,WR,$0 ,0,0%,0,0,0%
25828,Jarius Wright,Car,WR,$0 ,0,0%,0,0,0%
29372,Seth DeValve,Cle,TE,$0 ,0,0%,0,0,0%
30777,Robert Tonyan,GB,TE,$0 ,0,0%,0,0,0%
9348,Mike Wallace,Phi,WR,$0 ,0,0%,0,0,0%
27626,Richard Rodgers,Phi,TE,$0 ,0,0%,0,0,0%
31127,Tyler Conklin,Min,TE,$0 ,0,0%,0,0,0%
30285,Isaiah McKenzie,Buf,WR,$0 ,0,0%,0,0,0%
8937,Josh Johnson,Was,QB,$0 ,0,0%,0,0,0%
26729,Dion Sims,Chi,TE,$0 ,0,0%,0,0,0%
31320,Trent Sherfield,Ari,WR,$0 ,0,0%,0,0,0%
29360,Demarcus Robinson,KC,WR,$0 ,0,0%,0,0,0%
24834,Lance Kendricks,GB,TE,$0 ,0,0%,0,0,0%
31068,Jordan Akins,Hou,TE,$0 ,0,0%,0,0,0%
32449,Nate Becker,Buf,TE,$0 ,0,0%,0,0,0%
31749,Jaeden Graham,Atl,TE,$0 ,0,0%,0,0,0%
30258,Jake Butt,Den,TE,$0 ,0,0%,0,0,0%
28348,Jerome Cunningham,Det,TE,$0 ,0,0%,0,0,0%
32442,Chris Myarick,Mia,TE,$0 ,0,0%,0,0,0%
32008,Kaden Smith,SF,TE,$0 ,0,0%,0,0,0%
31680,Cole Hunt,Car,TE,$0 ,0,0%,0,0,0%
25291,Kyle Nelson,SF,TE,$0 ,0,0%,0,0,0%
30441,Josiah Price,Min,TE,$0 ,0,0%,0,0,0%
31364,Christian Scotland-Williamson,Pit,TE,$0 ,0,0%,0,0,0%
27941,Marcus Lucas,SF,TE,$0 ,0,0%,0,0,0%
31519,Deon Yelder,KC,TE,$0 ,0,0%,0,0,0%
32314,Charles Scarff,Bal,TE,$0 ,0,0%,0,0,0%
30627,Pharaoh Brown,Cle,TE,$0 ,0,0%,0,0,0%
32128,Keenan Brown,LAR,TE,$0 ,0,0%,0,0,0%
32094,Carson Meier,Jax,TE,$0 ,0,0%,0,0,0%
29666,J.P. Holtz,Was,TE,$0 ,0,0%,0,0,0%
32225,Andrew Beck,NE,TE,$0 ,0,0%,0,0,0%
29414,Moritz Boehringer,Cin,TE,$0 ,0,0%,0,0,0%
31884,Drew Sample,Cin,TE,$0 ,0,0%,0,0,0%
29623,Henry Krieger-Coble,LAR,TE,$0 ,0,0%,0,0,0%
32564,Michael Colubiale,Jax,TE,$0 ,0,0%,0,0,0%
31283,David Wells,KC,TE,$0 ,0,0%,0,0,0%
30756,Billy Brown,Ind,TE,$0 ,0,0%,0,0,0%
31918,Kahale Warring,Hou,TE,$0 ,0,0%,0,0,0%
31973,Zach Gentry,Pit,TE,$0 ,0,0%,0,0,0%
29944,Alex Ellis,KC,TE,$0 ,0,0%,0,0,0%
32125,Kendall Blanton,LAR,TE,$0 ,0,0%,0,0,0%
31478,Marcus Baugh,Car,TE,$0 ,0,0%,0,0,0%
32324,Tyree Mayfield,SF,TE,$0 ,0,0%,0,0,0%
32142,Brandon Dillon,Min,TE,$0 ,0,0%,0,0,0%
31928,Dawson Knox,Buf,TE,$0 ,0,0%,0,0,0%
32295,Hale Hentges,Ind,TE,$0 ,0,0%,0,0,0%
30603,Keith Towbridge,Buf,TE,$0 ,0,0%,0,0,0%
32153,Drew Belcher,Ari,TE,$0 ,0,0%,0,0,0%
31907,Jace Sternberger,GB,TE,$0 ,0,0%,0,0,0%
27494,James Winchester,KC,TE,$0 ,0,0%,0,0,0%
27214,Kevin McDermott,Min,TE,$0 ,0,0%,0,0,0%
32056,Isaac Nauta,Det,TE,$0 ,0,0%,0,0,0%
30314,Bucky Hodges,Pit,TE,$0 ,0,0%,0,0,0%
32543,Daniel Helm,LAC,TE,$0 ,0,0%,0,0,0%
32270,Davis Koppenhaver,GB,TE,$0 ,0,0%,0,0,0%
31751,Garrett Dickerson,NYG,TE,$0 ,0,0%,0,0,0%
32313,Cole Herdman,Bal,TE,$0 ,0,0%,0,0,0%
31441,Kevin Rader,Pit,TE,$0 ,0,0%,0,0,0%
28221,Tyler Ott,Sea,TE,$0 ,0,0%,0,0,0%
32565,Charles Jones II,Jax,TE,$0 ,0,0%,0,0,0%
28964,Gabe Holmes,Ind,TE,$0 ,0,0%,0,0,0%
31220,Ryan Izzo,NE,TE,$0 ,0,0%,0,0,0%
30763,Tyrone Swoopes,Sea,TE,$0 ,0,0%,0,0,0%
30559,Cole Hikutini,Min,TE,$0 ,0,0%,0,0,0%
32352,C.J. Conrad,NYG,TE,$0 ,0,0%,0,0,0%
32261,Dax Raymond,Chi,TE,$0 ,0,0%,0,0,0%
31325,Andrew Vollert,LAC,TE,$0 ,0,0%,0,0,0%
9472,John Phillips,KC,TE,$0 ,0,0%,0,0,0%
31257,Tanner Hudson,TB,TE,$0 ,0,0%,0,0,0%
32391,Jake Powell,NO,TE,$0 ,0,0%,0,0,0%
32486,Isaiah Searight,TB,TE,$0 ,0,0%,0,0,0%
31427,Nick Keizer,KC,TE,$0 ,0,0%,0,0,0%
30888,Alex Gray,Atl,TE,$0 ,0,0%,0,0,0%
29046,Will Tye,Phi,TE,$0 ,0,0%,0,0,0%
31826,Jakob Johnson,NE,TE,$0 ,0,0%,0,0,0%
32339,Justin Johnson,Sea,TE,$0 ,0,0%,0,0,0%
32127,Romello Brooker,LAR,TE,$0 ,0,0%,0,0,0%
30795,Evan Baylis,GB,TE,$0 ,0,0%,0,0,0%
29504,Jake McGee,Pit,TE,$0 ,0,0%,0,0,0%
31732,Codey McElroy,Dal,TE,$0 ,0,0%,0,0,0%
29783,Cole Wick,Ten,TE,$0 ,0,0%,0,0,0%
32063,Alize Mack,NO,TE,$0 ,0,0%,0,0,0%
26050,Bradley Sowell,Chi,TE,$0 ,0,0%,0,0,0%
29095,Manasseh Garner,Was,TE,$0 ,0,0%,0,0,0%
32250,Ian Bunting,Chi,TE,$0 ,0,0%,0,0,0%
29806,Jason Vander Laan,Car,TE,$0 ,0,0%,0,0,0%
30373,Johnny Mundt,LAR,TE,$0 ,0,0%,0,0,0%
32573,Moral Stephens,Buf,TE,$0 ,0,0%,0,0,0%
31528,Pharoah McKever,GB,TE,$0 ,0,0%,0,0,0%
32086,Caleb Wilson,Ari,TE,$0 ,0,0%,0,0,0%
30024,Garrett Griffin,NO,TE,$0 ,0,0%,0,0,0%
31901,Josh Oliver,Jax,TE,$0 ,0,0%,0,0,0%
32060,Tommy Sweeney,Buf,TE,$0 ,0,0%,0,0,0%
32551,Matt Sokol,LAC,TE,$0 ,0,0%,0,0,0%
32163,Jerome Washington,Ari,TE,$0 ,0,0%,0,0,0%
30364,Mason Schreck,Cin,TE,$0 ,0,0%,0,0,0%
31882,Irv Smith Jr.,Min,TE,$0 ,0,0%,0,0,0%
31126,Troy Fumagalli,Den,TE,$0 ,0,0%,0,0,0%
28365,Chris Manhertz,Car,TE,$0 ,0,0%,0,0,0%
31969,Foster Moreau,Oak,TE,$0 ,0,0%,0,0,0%
26583,Andrew DePaola,Oak,TE,$0 ,0,0%,0,0,0%
32306,Matt Orzech,Bal,TE,$0 ,0,0%,0,0,0%
31329,Ross Dwelley,SF,TE,$0 ,0,0%,0,0,0%
32183,Kano Dillon,Was,TE,$0 ,0,0%,0,0,0%
31400,Matt Flanagan,Was,TE,$0 ,0,0%,0,0,0%
31255,Donnie Ernsberger,TB,TE,$0 ,0,0%,0,0,0%
31953,Trevon Wesco,NYJ,TE,$0 ,0,0%,0,0,0%
31627,Ethan Wolf,Car,TE,$0 ,0,0%,0,0,0%
31747,Austin Roberts,LAC,TE,$0 ,0,0%,0,0,0%
32576,Jesper Horsted,Chi,TE,$0 ,0,0%,0,0,0%
29465,Thomas Duarte,Car,TE,$0 ,0,0%,0,0,0%
30420,Sean Culkin,LAC,TE,$0 ,0,0%,0,0,0%
32456,Donald Parham,Was,TE,$0 ,0,0%,0,0,0%
29411,Temarrick Hemingway,Car,TE,$0 ,0,0%,0,0,0%
32191,Austin Fort,Den,TE,$0 ,0,0%,0,0,0%
31561,Jordan Franks,Cin,TE,$0 ,0,0%,0,0,0%
30526,Bug Howard,Den,TE,$0 ,0,0%,0,0,0%
25370,Patrick Scales,Chi,TE,$0 ,0,0%,0,0,0%
31515,Paul Butler,Oak,TE,$0 ,0,0%,0,0,0%
32173,Trevor Wood,Pit,TE,$0 ,0,0%,0,0,0%
32262,Ellis Richardson,Chi,TE,$0 ,0,0%,0,0,0%
32337,Mik'Quan Deane,Buf,TE,$0 ,0,0%,0,0,0%
29102,Daniel Brown,NYJ,TE,$0 ,0,0%,0,0,0%
24965,Aldrick Robinson,Car,WR,$0 ,0,0%,0,0,0%
28456,Clive Walford,Mia,TE,$0 ,0,0%,0,0,0%
24108,Michael Hoomanawanui,NO,TE,$0 ,0,0%,0,0,0%
31588,Vyncint Smith,Hou,WR,$0 ,0,0%,0,0,0%
28561,James O'Shaughnessy,Jax,TE,$0 ,0,0%,0,0,0%
29418,Jerell Adams,Hou,TE,$0 ,0,0%,0,0,0%
28473,Tyler Kroft,Buf,TE,$0 ,0,0%,0,0,0%
29370,Devontae Booker,Den,RB,$0 ,0,0%,0,0,0%
31107,Dalton Schultz,Dal,TE,$0 ,0,0%,0,0,0%
27055,Russell Shepard,NYG,WR,$0 ,0,0%,0,0,0%
25774,Dwayne Allen,Mia,TE,$0 ,0,0%,0,0,0%
28617,Ben Koyack,Jax,TE,$0 ,0,0%,0,0,0%
30267,Jeremy Sprinkle,Was,TE,$0 ,0,0%,0,0,0%
29638,Maurice Harris,NE,WR,$0 ,0,0%,0,0,0%
8790,Jonathan Stewart,Car,RB,$0 ,0,0%,0,0,0%
29208,Ross Travis,Ind,TE,$0 ,0,0%,0,0,0%
25648,Kai Forbath,Jax,K,$0 ,0,0%,0,0,0%
31148,Damion Ratley,Cle,WR,$0 ,0,0%,0,0,0%
29374,Tajae Sharpe,Ten,WR,$0 ,0,0%,0,0,0%
29678,Marcus Johnson,Ind,WR,$0 ,0,0%,0,0,0%
27648,Logan Thomas,Det,TE,$0 ,0,0%,0,0,0%
23996,Jermaine Gresham,Ari,TE,$0 ,0,0%,0,0,0%
7777,Marcedes Lewis,GB,TE,$0 ,0,0%,0,0,0%
28974,Jake Kumerow,GB,WR,$0 ,0,0%,0,0,0%
30511,Tim Patrick,Den,WR,$1 ,0,0%,0,0,0%
28511,Vince Mayle,LAC,TE,$0 ,0,0%,0,0,0%
30661,Jacob Hollister,Sea,TE,$0 ,0,0%,0,0,0%
28215,Scott Simonson,NYG,TE,$0 ,0,0%,0,0,0%
28608,Neal Sterling,KC,TE,$0 ,0,0%,0,0,0%
27213,MarQueis Gray,Mia,TE,$0 ,0,0%,0,0,0%
30263,Jordan Leggett,TB,TE,$0 ,0,0%,0,0,0%
24967,Tyrod Taylor,LAC,QB,$0 ,0,0%,0,0,0%
26697,Terrance Williams,Dal,WR,$0 ,0,0%,0,0,0%
32600,Jody Fortson,KC,"WR,TE",$0 ,0,0%,0,0,0%
29650,J.D. McKissic,Sea,RB,$0 ,0,0%,0,0,0%
26781,Luke Willson,Oak,TE,$0 ,0,0%,0,0,0%
30577,Cethan Carter,Cin,TE,$0 ,0,0%,0,0,0%
8497,Clark Harris,Cin,TE,$0 ,0,0%,0,0,0%
31624,Deontay Burnett,NYJ,WR,$0 ,0,0%,0,0,0%
25810,Travis Benjamin,LAC,WR,$0 ,0,0%,0,0,0%
29855,Roger Lewis Jr.,Ten,WR,$0 ,0,0%,0,0,0%
26810,Andre Ellington,TB,RB,$0 ,0,0%,0,0,0%
30502,Zach Pascal,Ind,WR,$0 ,0,0%,0,0,0%
27717,TJ Jones,Det,WR,$0 ,0,0%,0,0,0%
29694,Rob Kelley,Was,RB,$0 ,0,0%,0,0,0%
27826,Bennie Fowler,NYG,WR,$0 ,0,0%,0,0,0%
30290,Trent Taylor,SF,WR,$0 ,0,0%,0,0,0%
28975,Matt Lengel,Cin,TE,$0 ,0,0%,0,0,0%
29654,Joshua Perkins,Phi,TE,$0 ,0,0%,0,0,0%
28633,Tre McBride,Jax,WR,$0 ,0,0%,0,0,0%
7223,Mike Nugent,Oak,K,$0 ,0,0%,0,0,0%
28044,Charcandrick West,KC,RB,$0 ,0,0%,0,0,0%
29348,Ricardo Louis,Mia,WR,$0 ,0,0%,0,0,0%
24932,Jacquizz Rodgers,TB,RB,$0 ,0,0%,0,0,0%
29958,Johnny Holton,Pit,WR,$0 ,0,0%,0,0,0%
31139,Jordan Wilkins,Ind,RB,$0 ,0,0%,0,0,0%
27746,Michael Campanaro,Ten,WR,$0 ,0,0%,0,0,0%
26416,Derek Carrier,Oak,TE,$0 ,0,0%,0,0,0%
28505,Blake Bell,KC,TE,$0 ,0,0%,0,0,0%
29618,Mose Frazier,Car,WR,$0 ,0,0%,0,0,0%
29973,Duke Williams,Buf,WR,$0 ,0,0%,0,0,0%
32523,Greg Dortch,NYJ,WR,$0 ,0,0%,0,0,0%
32301,Sean Modster,Bal,WR,$0 ,0,0%,0,0,0%
32553,Trevion Thompson,LAC,WR,$0 ,0,0%,0,0,0%
31626,Jordan Veasy,Ind,WR,$0 ,0,0%,0,0,0%
31404,De'Mornay Pierson-El,Oak,WR,$0 ,0,0%,0,0,0%
32409,DeAndre Thompkins,Phi,WR,$0 ,0,0%,0,0,0%
29540,Marken Michel,Phi,WR,$0 ,0,0%,0,0,0%
29865,Jordan Williams-Lambert,Chi,WR,$0 ,0,0%,0,0,0%
32069,Terry Godwin,Car,WR,$0 ,0,0%,0,0,0%
32356,Felton Davis III,KC,WR,$0 ,0,0%,0,0,0%
32193,Romell Guerrier,Den,WR,$0 ,0,0%,0,0,0%
30288,DeAngelo Yancey,NYJ,WR,$0 ,0,0%,0,0,0%
32019,Juwann Winfree,Den,WR,$0 ,0,0%,0,0,0%
31328,Steven Dunbar Jr.,SF,WR,$0 ,0,0%,0,0,0%
32109,Shawn Bane,Atl,WR,$0 ,0,0%,0,0,0%
29710,Alonzo Russell,NYG,WR,$0 ,0,0%,0,0,0%
32590,Joseph Parker,Ten,WR,$0 ,0,0%,0,0,0%
28800,DeAndrew White,Car,WR,$0 ,0,0%,0,0,0%
32267,Matthew Eaton,GB,WR,$0 ,0,0%,0,0,0%
32115,Kahlil Lewis,Atl,WR,$0 ,0,0%,0,0,0%
31981,Hunter Renfrow,Oak,WR,$0 ,0,0%,0,0,0%
32256,Thomas Ives,Chi,WR,$0 ,0,0%,0,0,0%
31226,Trey Quinn,Was,WR,$0 ,0,0%,0,0,0%
31244,Andre Levrone,Car,WR,$0 ,0,0%,0,0,0%
31180,Braxton Berrios,NE,WR,$0 ,0,0%,0,0,0%
32471,Damion Willis,Cin,WR,$0 ,0,0%,0,0,0%
31322,Jalen Tolliver,Ten,WR,$0 ,0,0%,0,0,0%
31758,Josh Crockett,KC,WR,$0 ,0,0%,0,0,0%
32504,Johnnie Dixon,Hou,WR,$0 ,0,0%,0,0,0%
32330,Terry Wright,Sea,WR,$0 ,0,0%,0,0,0%
32179,Justin Sumpter,LAR,WR,$0 ,0,0%,0,0,0%
31161,Dylan Cantrell,LAC,WR,$0 ,0,0%,0,0,0%
32612,Gunner Olszewski,NE,WR,$0 ,0,0%,0,0,0%
32367,Cody Thompson,KC,WR,$0 ,0,0%,0,0,0%
32211,Emmanuel Butler,NO,WR,$0 ,0,0%,0,0,0%
32227,Ryan Davis,NE,WR,$0 ,0,0%,0,0,0%
30899,Lance Lenoir,Dal,WR,$0 ,0,0%,0,0,0%
32624,Marcus Simms,Jax,WR,$0 ,0,0%,0,0,0%
31952,Gary Jennings Jr.,Sea,WR,$0 ,0,0%,0,0,0%
30512,Quincy Adeboyejo,Bal,WR,$0 ,0,0%,0,0,0%
31607,Rico Gafford,Oak,WR,$0 ,0,0%,0,0,0%
32412,Nick Easley,Buf,WR,$0 ,0,0%,0,0,0%
31592,Jester Weah,Hou,WR,$0 ,0,0%,0,0,0%
26428,Rod Streater,Cle,WR,$0 ,0,0%,0,0,0%
32122,CJ Worton,Atl,WR,$0 ,0,0%,0,0,0%
32487,Cortrelle Simpson,TB,WR,$0 ,0,0%,0,0,0%
32253,Emanuel Hall,Chi,WR,$0 ,0,0%,0,0,0%
32189,Trinity Benson,Den,WR,$0 ,0,0%,0,0,0%
32186,T.J. Rahming,Was,WR,$0 ,0,0%,0,0,0%
32561,Tom Kennedy,Det,WR,$0 ,0,0%,0,0,0%
31102,Jaleel Scott,Bal,WR,$0 ,0,0%,0,0,0%
32362,Andre Lindsey,KC,WR,$0 ,0,0%,0,0,0%
26839,Charles Johnson,Phi,WR,$0 ,0,0%,0,0,0%
32098,Dredrick Snelson,Jax,WR,$0 ,0,0%,0,0,0%
32088,Tyre Brady,Jax,WR,$0 ,0,0%,0,0,0%
32068,John Ursua,Sea,WR,$0 ,0,0%,0,0,0%
28458,Jaelen Strong,Cle,WR,$0 ,0,0%,0,0,0%
32338,Jazz Ferguson,Sea,WR,$0 ,0,0%,0,0,0%
31625,Devin Ross,Phi,WR,$0 ,0,0%,0,0,0%
30432,Artavis Scott,LAC,WR,$0 ,0,0%,0,0,0%
31925,Miles Boykin,Bal,WR,$0 ,0,0%,0,0,0%
30322,Robert Davis,Was,WR,$0 ,0,0%,0,0,0%
31598,Cam Phillips,Buf,WR,$0 ,0,0%,0,0,0%
32302,Jaylen Smith,Bal,WR,$0 ,0,0%,0,0,0%
32483,DaMarkus Lodge,TB,WR,$0 ,0,0%,0,0,0%
32418,David Sills V,Buf,WR,$0 ,0,0%,0,0,0%
30729,Kermit Whitfield,Cin,WR,$0 ,0,0%,0,0,0%
32447,Preston Williams,Mia,WR,$0 ,0,0%,0,0,0%
30524,Trey Griffey,Pit,WR,$0 ,0,0%,0,0,0%
31777,Malik Turner,Sea,WR,$0 ,0,0%,0,0,0%
31253,Sergio Bailey II,TB,WR,$0 ,0,0%,0,0,0%
32378,Darrius Shepherd,GB,WR,$0 ,0,0%,0,0,0%
32614,Fred Trevillion,LAC,WR,$0 ,0,0%,0,0,0%
29447,Aaron Burbridge,Den,WR,$0 ,0,0%,0,0,0%
32467,Charles Holland,Cin,WR,$0 ,0,0%,0,0,0%
31479,Saeed Blacknall,Oak,WR,$0 ,0,0%,0,0,0%
30610,Montay Crockett,Oak,WR,$0 ,0,0%,0,0,0%
32604,Jalen Greene,LAR,WR,$0 ,0,0%,0,0,0%
30350,Isaiah Ford,Mia,WR,$0 ,0,0%,0,0,0%
31460,Da'Mari Scott,Buf,WR,$0 ,0,0%,0,0,0%
32494,Lil'Jordan Humphrey,NO,WR,$0 ,0,0%,0,0,0%
30901,Fred Brown,Den,WR,$0 ,0,0%,0,0,0%
32488,Malik Taylor,TB,WR,$0 ,0,0%,0,0,0%
31225,Austin Proehl,LAR,WR,$0 ,0,0%,0,0,0%
31722,Darvin Kidsy,Was,WR,$0 ,0,0%,0,0,0%
32123,Olamide Zaccheaus,Atl,WR,$0 ,0,0%,0,0,0%
32231,Jakobi Meyers,NE,WR,$0 ,0,0%,0,0,0%
29953,K.J. Brent,TB,WR,$0 ,0,0%,0,0,0%
31268,Allen Lazard,GB,WR,$0 ,0,0%,0,0,0%
30715,Greg Ward Jr.,Phi,WR,$0 ,0,0%,0,0,0%
31227,Jeff Badet,Min,WR,$0 ,0,0%,0,0,0%
30195,Carlos Henderson,Was,WR,$0 ,0,0%,0,0,0%
31383,Jimmy Williams III,Den,WR,$0 ,0,0%,0,0,0%
32317,Antoine Wesley,Bal,WR,$0 ,0,0%,0,0,0%
29521,Jamaal Jones,Car,WR,$0 ,0,0%,0,0,0%
32361,Jamire Jordan,KC,WR,$0 ,0,0%,0,0,0%
31369,Steve Ishmael,Ind,WR,$0 ,0,0%,0,0,0%
27614,Josh Huff,NO,WR,$0 ,0,0%,0,0,0%
32103,Papi White,Jax,WR,$0 ,0,0%,0,0,0%
30487,Krishawn Hogan,Ind,WR,$0 ,0,0%,0,0,0%
32511,Tyron Johnson,Hou,WR,$0 ,0,0%,0,0,0%
30410,Travin Dural,NO,WR,$0 ,0,0%,0,0,0%
31701,Damoun Patterson,NE,WR,$0 ,0,0%,0,0,0%
31739,Davon Grayson,KC,WR,$0 ,0,0%,0,0,0%
28395,Kevin White,Ari,WR,$0 ,0,0%,0,0,0%
30940,Rashard Davis,KC,WR,$0 ,0,0%,0,0,0%
32292,Ashton Dulin,Ind,WR,$0 ,0,0%,0,0,0%
30637,Isaac Whitney,Hou,WR,$0 ,0,0%,0,0,0%
30513,C.J. Board,Jax,WR,$0 ,0,0%,0,0,0%
29682,Hunter Sharp,Cin,WR,$0 ,0,0%,0,0,0%
32143,Alexander Hollins,Min,WR,$0 ,0,0%,0,0,0%
32599,Micah Wright,NO,WR,$0 ,0,0%,0,0,0%
32469,Stanley Morgan Jr.,Cin,WR,$0 ,0,0%,0,0,0%
32137,Nsimba Webster,LAR,WR,$0 ,0,0%,0,0,0%
32283,D.J. Montgomery,Cle,WR,$0 ,0,0%,0,0,0%
30482,Carlton Agudosi,Phi,WR,$0 ,0,0%,0,0,0%
30629,Keon Hatcher,Oak,WR,$0 ,0,0%,0,0,0%
30332,Stacy Coley,NYJ,WR,$0 ,0,0%,0,0,0%
31132,Jordan Lasley,Bal,WR,$0 ,0,0%,0,0,0%
32271,Dorian Baker,Cle,WR,$0 ,0,0%,0,0,0%
30679,Gehrig Dieter,KC,WR,$0 ,0,0%,0,0,0%
28279,Diontae Spencer,Pit,WR,$0 ,0,0%,0,0,0%
31463,Ka'Raun White,Pit,WR,$0 ,0,0%,0,0,0%
30360,Malachi Dupre,Ari,WR,$0 ,0,0%,0,0,0%
32325,Shawn Poindexter,SF,WR,$0 ,0,0%,0,0,0%
32243,Alex Wesley,NYG,WR,$0 ,0,0%,0,0,0%
30660,Cody Hollister,Ten,WR,$0 ,0,0%,0,0,0%
31496,Byron Pringle,KC,WR,$0 ,0,0%,0,0,0%
32150,Damion Jeanpiere Jr.,Car,WR,$0 ,0,0%,0,0,0%
31958,Riley Ridley,Chi,WR,$0 ,0,0%,0,0,0%
31898,Diontae Johnson,Pit,WR,$0 ,0,0%,0,0,0%
29416,Keenan Reynolds,Sea,WR,$0 ,0,0%,0,0,0%
31347,Christian Blake,Atl,WR,$0 ,0,0%,0,0,0%
32079,Olabisi Johnson,Min,WR,$0 ,0,0%,0,0,0%
30827,Reggie Davis,Dal,WR,$0 ,0,0%,0,0,0%
32293,Penny Hart,Ind,WR,$0 ,0,0%,0,0,0%
29961,Max McCaffrey,SF,WR,$0 ,0,0%,0,0,0%
31832,Ishmael Hyman,Cle,WR,$0 ,0,0%,0,0,0%
27305,Rashad Ross,Car,WR,$0 ,0,0%,0,0,0%
32176,Jonathan Lloyd,LAR,WR,$0 ,0,0%,0,0,0%
28425,Devin Smith,Dal,WR,$0 ,0,0%,0,0,0%
31391,Steven Mitchell Jr.,Hou,WR,$0 ,0,0%,0,0,0%
31462,Derrick Willies,Cle,WR,$0 ,0,0%,0,0,0%
32610,Floyd Allen,Hou,WR,$0 ,0,0%,0,0,0%
32482,Anthony Johnson,TB,WR,$0 ,0,0%,0,0,0%
32388,Xavier Ubosi,TB,WR,$0 ,0,0%,0,0,0%
32536,Brian Burt,Oak,WR,$0 ,0,0%,0,0,0%
31194,Javon Wims,Chi,WR,$0 ,0,0%,0,0,0%
30598,Brandon Reilly,Det,WR,$0 ,0,0%,0,0,0%
29791,Jalin Marshall,Oak,WR,$0 ,0,0%,0,0,0%
30111,Cyril Grayson Jr.,NO,WR,$0 ,0,0%,0,0,0%
32093,Raphael Leonard,Jax,WR,$0 ,0,0%,0,0,0%
32605,Joe Horn Jr.,Bal,WR,$0 ,0,0%,0,0,0%
31129,Reece Fountain,Ind,WR,$0 ,0,0%,0,0,0%
32003,Darius Slayton,NYG,WR,$0 ,0,0%,0,0,0%
31508,Chad Beebe,Min,WR,$0 ,0,0%,0,0,0%
30063,Reece Horn,Mia,WR,$0 ,0,0%,0,0,0%
32124,Alex Bachman,LAR,WR,$0 ,0,0%,0,0,0%
32244,Reggie White Jr.,NYG,WR,$0 ,0,0%,0,0,0%
29795,Tevin Jones,Pit,WR,$0 ,0,0%,0,0,0%
32016,Travis Fulgham,Det,WR,$0 ,0,0%,0,0,0%
32323,Malik Henry,SF,WR,$0 ,0,0%,0,0,0%
32560,Spencer Schnell,TB,WR,$0 ,0,0%,0,0,0%
32398,Deonte Harris,NO,WR,$0 ,0,0%,0,0,0%
32547,Jason Moore,LAC,WR,$0 ,0,0%,0,0,0%
31464,Caleb Scott,Sea,WR,$0 ,0,0%,0,0,0%
31651,Chris Lacy,Det,WR,$0 ,0,0%,0,0,0%
31397,Simmie Cobbs Jr.,NO,WR,$0 ,0,0%,0,0,0%
32006,KeeSean Johnson,Ari,WR,$0 ,0,0%,0,0,0%
32201,Jalen Guyton,Dal,WR,$0 ,0,0%,0,0,0%
31705,Deontez Alexander,Det,WR,$0 ,0,0%,0,0,0%
32038,Kelvin Harmon,Was,WR,$0 ,0,0%,0,0,0%
31525,Jordan Smallwood,Det,WR,$0 ,0,0%,0,0,0%
30942,Justice Liggins,LAC,WR,$0 ,0,0%,0,0,0%
32342,Keelan Doss,Oak,WR,$0 ,0,0%,0,0,0%
31178,Cedrick Wilson,Dal,WR,$0 ,0,0%,0,0,0%
32438,Trenton Irwin,Mia,WR,$0 ,0,0%,0,0,0%
32452,Jonathan Duhart,Det,WR,$0 ,0,0%,0,0,0%
30510,Tim White,NYJ,WR,$0 ,0,0%,0,0,0%
31821,Damon Sheehy-Guiseppi,Cle,WR,$0 ,0,0%,0,0,0%
32071,Dillon Mitchell,Min,WR,$0 ,0,0%,0,0,0%
30430,Andre Patton,LAC,WR,$0 ,0,0%,0,0,0%
32429,Isaac Zico,Ten,WR,$0 ,0,0%,0,0,0%
32273,Stephen Carlson,Cle,WR,$0 ,0,0%,0,0,0%
29024,Lucky Whitehead,NYJ,WR,$0 ,0,0%,0,0,0%
32533,Jeff Smith,NYJ,WR,$0 ,0,0%,0,0,0%
32556,Ventell Bryant,Cin,WR,$0 ,0,0%,0,0,0%
32187,Steven Sims,Was,WR,$0 ,0,0%,0,0,0%
31775,Blake Jackson,Cle,WR,$0 ,0,0%,0,0,0%
31405,Cam Sims,Was,WR,$0 ,0,0%,0,0,0%
31935,Hakeem Butler,Ari,WR,$0 ,0,0%,0,0,0%
32513,Stephen Louis,Hou,WR,$0 ,0,0%,0,0,0%
30808,Riley McCarron,NE,WR,$0 ,0,0%,0,0,0%
31271,Dorren Miller,Phi,WR,$0 ,0,0%,0,0,0%
31155,Deon Cain,Ind,WR,$0 ,0,0%,0,0,0%
31349,Devin Gray,Atl,WR,$0 ,0,0%,0,0,0%
32141,Davion Davis,Min,WR,$0 ,0,0%,0,0,0%
27767,James Wright,Ind,WR,$0 ,0,0%,0,0,0%
32159,A.J. Richardson,Ari,WR,$0 ,0,0%,0,0,0%
31816,Bryant Mitchell,TB,WR,$0 ,0,0%,0,0,0%
32101,Michael Walker,Jax,WR,$0 ,0,0%,0,0,0%
32355,Jamal Custis,KC,WR,$0 ,0,0%,0,0,0%
32200,Jon'Vea Johnson,Dal,WR,$0 ,0,0%,0,0,0%
31899,Jalen Hurd,SF,WR,$0 ,0,0%,0,0,0%
32219,Kelvin McKnight,Den,WR,$0 ,0,0%,0,0,0%
28697,Cameron Meredith,NO,WR,$0 ,0,0%,0,0,0%
32040,Scotty Miller,TB,WR,$0 ,0,0%,0,0,0%
31642,Teo Redding,GB,WR,$0 ,0,0%,0,0,0%
32426,Anthony Ratliff-Williams,Ten,WR,$0 ,0,0%,0,0,0%
29319,Braxton Miller,Phi,WR,$0 ,0,0%,0,0,0%
30231,Mack Hollins,Phi,WR,$0 ,0,0%,0,0,0%
29320,Leonte Carroo,Mia,WR,$0 ,0,0%,0,0,0%
28658,Eric Tomlinson,NYJ,TE,$0 ,0,0%,0,0,0%
26832,Brice Butler,Mia,WR,$0 ,0,0%,0,0,0%
26024,Travaris Cadet,Car,RB,$0 ,0,0%,0,0,0%
29257,Laquon Treadwell,Min,WR,$0 ,0,0%,0,0,0%
28021,Ryan Hewitt,Ten,TE,$0 ,0,0%,0,0,0%
29659,Nick Rose,LAC,K,$0 ,0,0%,0,0,0%
29422,David Morgan,Min,TE,$0 ,0,0%,0,0,0%
30468,Antony Auclair,TB,TE,$0 ,0,0%,0,0,0%
26853,Kerwynn Williams,TB,RB,$0 ,0,0%,0,0,0%
28184,Xavier Grimble,Pit,TE,$0 ,0,0%,0,0,0%
29893,Andy Jones,Det,WR,$0 ,0,0%,0,0,0%
29440,Mike Thomas,LAR,WR,$0 ,0,0%,0,0,0%
28669,Eli Rogers,Pit,WR,$0 ,0,0%,0,0,0%
30355,Khalfani Muhammad,Den,RB,$0 ,0,0%,0,0,0%
32404,Nico Evans,Phi,RB,$0 ,0,0%,0,0,0%
32439,Patrick Laird,Mia,RB,$0 ,0,0%,0,0,0%
32475,Bruce Anderson,TB,RB,$0 ,0,0%,0,0,0%
31335,Christopher Ezeala,Bal,RB,$0 ,0,0%,0,0,0%
31396,Martez Carter,NO,RB,$0 ,0,0%,0,0,0%
32050,Mike Weber,Dal,RB,$0 ,0,0%,0,0,0%
32597,A.J. Ouellette,NO,RB,$0 ,0,0%,0,0,0%
31960,Tony Pollard,Dal,RB,$0 ,0,0%,0,0,0%
31145,John Kelly,LAR,RB,$0 ,0,0%,0,0,0%
30319,De'Angelo Henderson,NYJ,RB,$0 ,0,0%,0,0,0%
32162,Xavier Turner,Ari,RB,$0 ,0,0%,0,0,0%
28543,Karlos Williams,Pit,RB,$0 ,0,0%,0,0,0%
32026,Dexter Williams,GB,RB,$0 ,0,0%,0,0,0%
31514,Chris Warren III,Oak,RB,$0 ,0,0%,0,0,0%
30061,Troymaine Pope,LAC,RB,$0 ,0,0%,0,0,0%
32170,Travon McMillian,Pit,RB,$0 ,0,0%,0,0,0%
32018,Ty Johnson,Det,RB,$0 ,0,0%,0,0,0%
32419,Alex Barnes,Ten,RB,$0 ,0,0%,0,0,0%
31423,Mark Thompson,Det,RB,$0 ,0,0%,0,0,0%
30275,Jeremy McNichols,Ten,RB,$0 ,0,0%,0,0,0%
31662,Ryan Nall,Chi,RB,$0 ,0,0%,0,0,0%
32569,L.J. Scott,Cle,RB,$0 ,0,0%,0,0,0%
29661,Brandon Wilds,Ari,RB,$0 ,0,0%,0,0,0%
32344,Alec Ingold,Oak,RB,$0 ,0,0%,0,0,0%
32390,Devine Ozigbo,NO,RB,$0 ,0,0%,0,0,0%
31280,Jordan Chunn,Dal,RB,$0 ,0,0%,0,0,0%
31171,Boston Scott,Phi,RB,$0 ,0,0%,0,0,0%
32279,Darrin Hall,Cin,RB,$0 ,0,0%,0,0,0%
32596,Craig Reynolds,Was,RB,$0 ,0,0%,0,0,0%
32395,Marcus Marshall,KC,RB,$0 ,0,0%,0,0,0%
32065,Chandler Cox,Mia,RB,$0 ,0,0%,0,0,0%
31595,Keith Ford,Buf,RB,$0 ,0,0%,0,0,0%
32613,Marcelias Sutton,Sea,RB,$0 ,0,0%,0,0,0%
32052,Cullen Gillaspia,Hou,RB,$0 ,0,0%,0,0,0%
31620,Dalyn Dawkins,Ten,RB,$0 ,0,0%,0,0,0%
32014,Trayveon Williams,Cin,RB,$0 ,0,0%,0,0,0%
31339,Malik Williams,Pit,RB,$0 ,0,0%,0,0,0%
31822,Christian Wade,Buf,RB,$0 ,0,0%,0,0,0%
32528,Jalin Moore,NYJ,RB,$0 ,0,0%,0,0,0%
30245,Donnel Pumphrey,Phi,RB,$0 ,0,0%,0,0,0%
31986,Jordan Scarlett,Car,RB,$0 ,0,0%,0,0,0%
30860,Dare Ogunbowale,TB,RB,$0 ,0,0%,0,0,0%
32400,Devontae Jackson,Den,RB,$0 ,0,0%,0,0,0%
31407,Elijah Wellman,Was,RB,$0 ,0,0%,0,0,0%
29575,Russell Hansbrough,Was,RB,$0 ,0,0%,0,0,0%
32238,Jonathan Hilliman,NYG,RB,$0 ,0,0%,0,0,0%
32036,Travis Homer,Sea,RB,$0 ,0,0%,0,0,0%
31944,Bryce Love,Was,RB,$0 ,0,0%,0,0,0%
31704,Robert Martin,NYG,RB,$0 ,0,0%,0,0,0%
29450,Darius Jackson,Dal,RB,$0 ,0,0%,0,0,0%
32615,Taj McGowan,Jax,RB,$0 ,0,0%,0,0,0%
32493,Darnell Holland,NO,RB,$0 ,0,0%,0,0,0%
32608,D'Ernest Johnson,Cle,RB,$0 ,0,0%,0,0,0%
32046,Darwin Thompson,KC,RB,$0 ,0,0%,0,0,0%
32541,Jeremy Cox,LAC,RB,$0 ,0,0%,0,0,0%
32508,Karan Higdon Jr.,Hou,RB,$0 ,0,0%,0,0,0%
30351,Devante Mays,Cle,RB,$0 ,0,0%,0,0,0%
29471,Daniel Lasco II,NO,RB,$0 ,0,0%,0,0,0%
29390,Jonathan Williams,Ind,RB,$0 ,0,0%,0,0,0%
32621,Josh Caldwell,KC,RB,$0 ,0,0%,0,0,0%
31560,Quinton Flowers,Cin,RB,$0 ,0,0%,0,0,0%
32140,Khari Blasingame,Min,RB,$0 ,0,0%,0,0,0%
32332,Adam Choice,Sea,RB,$0 ,0,0%,0,0,0%
31653,Ralph Webb,Pit,RB,$0 ,0,0%,0,0,0%
32216,George Aston,Den,RB,$0 ,0,0%,0,0,0%
31781,James Butler,Oak,RB,$0 ,0,0%,0,0,0%
31302,Reggie Bonnafon,Car,RB,$0 ,0,0%,0,0,0%
32473,Wes Hills,Ari,RB,$0 ,0,0%,0,0,0%
28494,Jeremy Langford,Atl,RB,$0 ,0,0%,0,0,0%
32383,Austin Walter,SF,RB,$0 ,0,0%,0,0,0%
31206,Bo Scarbrough,Sea,RB,$0 ,0,0%,0,0,0%
32376,Trayone Gray,Cle,RB,$0 ,0,0%,0,0,0%
32579,Dontae Strickland,Ari,RB,$0 ,0,0%,0,0,0%
29700,Tra Carson,GB,RB,$0 ,0,0%,0,0,0%
31715,Ryan Yurachek,Dal,RB,$0 ,0,0%,0,0,0%
32502,Damarea Crockett,Hou,RB,$0 ,0,0%,0,0,0%
32035,Marcus Green,Atl,RB,$0 ,0,0%,0,0,0%
32043,Rodney Anderson,Cin,RB,$0 ,0,0%,0,0,0%
30354,Elijah Hood,Car,RB,$0 ,0,0%,0,0,0%
30370,Justin Davis,LAR,RB,$0 ,0,0%,0,0,0%
32466,Jordan Ellis,Cin,RB,$0 ,0,0%,0,0,0%
28583,Malcolm Johnson,GB,RB,$0 ,0,0%,0,0,0%
32368,James Williams,KC,RB,$0 ,0,0%,0,0,0%
31196,David Williams,Jax,RB,$0 ,0,0%,0,0,0%
32226,Nick Brossette,NE,RB,$0 ,0,0%,0,0,0%
31984,Qadree Ollison,Atl,RB,$0 ,0,0%,0,0,0%
31425,De'Lance Turner,Bal,RB,$0 ,0,0%,0,0,0%
31493,J.D. Moore,KC,RB,$0 ,0,0%,0,0,0%
31443,Dimitri Flowers,Jax,RB,$0 ,0,0%,0,0,0%
32066,Myles Gaskin,Mia,RB,$0 ,0,0%,0,0,0%
32129,Matt Colburn II,LAR,RB,$0 ,0,0%,0,0,0%
32054,Kerrith Whyte Jr.,Chi,RB,$0 ,0,0%,0,0,0%
29518,Kenneth Farrow,Mia,RB,$0 ,0,0%,0,0,0%
31575,Lavon Coleman,GB,RB,$0 ,0,0%,0,0,0%
31207,Nick Bawden,Det,RB,$0 ,0,0%,0,0,0%
32559,Tony Brooks-James,Atl,RB,$0 ,0,0%,0,0,0%
31825,Valentine Holmes,NYJ,RB,$0 ,0,0%,0,0,0%
32148,Elijah Holyfield,Car,RB,$0 ,0,0%,0,0,0%
4269,Phil Dawson,Ari,K,$0 ,0,0%,0,0,0%
29324,C.J. Prosise,Sea,RB,$0 ,0,0%,0,0,0%
28727,Jordan Taylor,Min,WR,$0 ,0,0%,0,0,0%
30287,Eric Saubert,Atl,TE,$0 ,0,0%,0,0,0%
30253,Wayne Gallman Jr.,NYG,RB,$0 ,0,0%,0,0,0%
29872,D.J. Foster,Ari,RB,$0 ,0,0%,0,0,0%
28562,Cameron Artis-Payne,Car,RB,$0 ,0,0%,0,0,0%
31641,Brandon Powell,Det,WR,$0 ,0,0%,0,0,0%
29451,Rico Gathers,Dal,TE,$0 ,0,0%,0,0,0%
31093,Durham Smythe,Mia,TE,$0 ,0,0%,0,0,0%
31500,Darrel Williams,KC,RB,$0 ,0,0%,0,0,0%
25743,Brian Quick,Was,WR,$0 ,0,0%,0,0,0%
30254,Chad Hansen,NO,WR,$0 ,0,0%,0,0,0%
30241,Josh Malone,Cin,WR,$0 ,0,0%,0,0,0%
28714,Thomas Rawls,Jax,RB,$0 ,0,0%,0,0,0%
28654,Raheem Mostert,SF,RB,$0 ,0,0%,0,0,0%
26753,Kyle Juszczyk,SF,RB,$0 ,0,0%,0,0,0%
30219,Amara Darboh,Sea,WR,$0 ,0,0%,0,0,0%
oakland,Oakland,Oak,DEF,$0 ,0,0%,0,0,0%
30720,Tanner Gentry,Chi,WR,$0 ,0,0%,0,0,0%
28688,Brian Parker,Den,TE,$0 ,0,0%,0,0,0%
30192,ArDarius Stewart,Was,WR,$0 ,0,0%,0,0,0%
25970,Brittan Golden,NYG,WR,$0 ,0,0%,0,0,0%
30656,Austin Carr,NO,WR,$0 ,0,0%,0,0,0%
31831,Elliott Fry,Chi,K,$0 ,0,0%,0,0,0%
31820,Cole Murphy,Ari,K,$0 ,0,0%,0,0,0%
31482,Eddy Pineiro,Chi,K,$0 ,0,0%,0,0,0%
32174,Matthew Wright,Pit,K,$0 ,0,0%,0,0,0%
31818,Phillip Andersen,TB,K,$0 ,0,0%,0,0,0%
32002,Austin Seibert,Cle,K,$0 ,0,0%,0,0,0%
31819,Chris Blewitt,Chi,K,$0 ,0,0%,0,0,0%
31808,Tristan Vizcaino,Cin,K,$0 ,0,0%,0,0,0%
32246,John Baron II,Chi,K,$0 ,0,0%,0,0,0%
32294,Clayton Hatfield,Ind,K,$0 ,0,0%,0,0,0%
32417,Chase McLaughlin,Phi,K,$0 ,0,0%,0,0,0%
29915,Jonathan Brown,SF,K,$0 ,0,0%,0,0,0%
29712,Taylor Bertolet,Den,K,$0 ,0,0%,0,0,0%
32369,Cole Hedlund,Ind,K,$0 ,0,0%,0,0,0%
31812,Redford Jones,Chi,K,$0 ,0,0%,0,0,0%
31977,Matt Gay,TB,K,$0 ,0,0%,0,0,0%
30038,Sam Ficken,GB,K,$0 ,0,0%,0,0,0%
32384,Joey Slye,NYG,K,$0 ,0,0%,0,0,0%
29383,Paul Perkins,NYG,RB,$0 ,0,0%,0,0,0%
27583,Jeremy Hill,NE,RB,$0 ,0,0%,0,0,0%
30211,Chad Williams,Ari,WR,$0 ,0,0%,0,0,0%
29397,Trevor Davis,GB,WR,$0 ,0,0%,0,0,0%
29341,Chris Moore,Bal,WR,$0 ,0,0%,0,0,0%
31174,Trenton Cannon,NYJ,RB,$0 ,0,0%,0,0,0%
31104,Chase Edmonds,Ari,RB,$0 ,0,0%,0,0,0%
28618,Marcus Murphy,Buf,RB,$0 ,0,0%,0,0,0%
30850,Trey Edmunds,Pit,RB,$0 ,0,0%,0,0,0%
26596,Fozzy Whittaker,Car,RB,$0 ,0,0%,0,0,0%
25767,Brock Osweiler,Mia,QB,$0 ,0,0%,0,0,0%
30550,Victor Bolden Jr.,Buf,WR,$0 ,0,0%,0,0,0%
29631,Kalif Raymond,Ten,WR,$0 ,0,0%,0,0,0%
30246,Ryan Switzer,Pit,WR,$0 ,0,0%,0,0,0%
25826,Orson Charles,Cle,TE,$0 ,0,0%,0,0,0%
29599,Josh Ferguson,Hou,RB,$0 ,0,0%,0,0,0%
26108,Josh Bellamy,NYJ,WR,$0 ,0,0%,0,0,0%
28594,Aaron Ripkowski,KC,RB,$0 ,0,0%,0,0,0%
28495,Justin Hardy,Atl,WR,$0 ,0,0%,0,0,0%
26456,Deonte Thompson,NYJ,WR,$0 ,0,0%,0,0,0%
30365,Matt Dayes,NO,RB,$0 ,0,0%,0,0,0%
28947,DeAndre Carter,Hou,WR,$0 ,0,0%,0,0,0%
29431,Danny Vitale,GB,RB,$0 ,0,0%,0,0,0%
28556,Michael Burton,NO,RB,$0 ,0,0%,0,0,0%
28847,Corey Grant,Jax,RB,$0 ,0,0%,0,0,0%
25937,Rishard Matthews,NO,WR,$0 ,0,0%,0,0,0%
31210,Richie James Jr.,SF,WR,$0 ,0,0%,0,0,0%
29571,Alan Cross,TB,TE,$0 ,0,0%,0,0,0%
28718,Rod Smith,NYG,RB,$0 ,0,0%,0,0,0%
29913,Ben Braunecker,Chi,TE,$0 ,0,0%,0,0,0%
29433,Cody Core,Cin,WR,$0 ,0,0%,0,0,0%
29441,Jeff Driskel,Cin,QB,$0 ,0,0%,0,0,0%
30269,Brian Hill,Atl,RB,$0 ,0,0%,0,0,0%
26016,Beau Brinkley,Ten,TE,$0 ,0,0%,0,0,0%
31031,D.J. Chark Jr.,Jax,WR,$0 ,0,0%,0,0,0%
25234,Andre Holmes,Den,WR,$0 ,0,0%,0,0,0%
27652,De'Anthony Thomas,KC,WR,$0 ,0,0%,0,0,0%
29249,Corey Coleman,NYG,WR,$0 ,0,0%,0,0,0%
26389,Brandon Bolden,NE,RB,$0 ,0,0%,0,0,0%
30516,Taquan Mizzell,Chi,RB,$0 ,0,0%,0,0,0%
25723,Michael Floyd,Bal,WR,$0 ,0,0%,0,0,0%
30227,Samaje Perine,Was,RB,$0 ,0,0%,0,0,0%
30523,Darrell Daniels,Ari,TE,$0 ,0,0%,0,0,0%
29038,Darius Jennings,Ten,WR,$0 ,0,0%,0,0,0%
30023,Marvin Hall,Chi,WR,$0 ,0,0%,0,0,0%
31623,Cameron Batson,Ten,WR,$0 ,0,0%,0,0,0%
28547,J.J. Nelson,Oak,WR,$0 ,0,0%,0,0,0%
29470,Dwayne Washington,NO,RB,$0 ,0,0%,0,0,0%
30481,Bobo Wilson,TB,WR,$0 ,0,0%,0,0,0%
24923,Anthony Sherman,KC,RB,$0 ,0,0%,0,0,0%
31223,Auden Tate,Cin,WR,$0 ,0,0%,0,0,0%
29854,Tommylee Lewis,Det,WR,$0 ,0,0%,0,0,0%
29703,Alex Erickson,Cin,WR,$0 ,0,0%,0,0,0%
24760,James Develin,NE,RB,$0 ,0,0%,0,0,0%
31164,Russell Gage,Atl,WR,$0 ,0,0%,0,0,0%
24063,Andre Roberts,Buf,WR,$0 ,0,0%,0,0,0%
30305,Alex Armah,Car,RB,$0 ,0,0%,0,0,0%
29377,DeAndre Washington,Oak,RB,$0 ,0,0%,0,0,0%
30279,Shelton Gibson,Phi,WR,$0 ,0,0%,0,0,0%
31685,Detrez Newsome,LAC,RB,$0 ,0,0%,0,0,0%
28527,Rashad Greene Sr.,Jax,WR,$0 ,0,0%,0,0,0%
24860,Stevan Ridley,Pit,RB,$0 ,0,0%,0,0,0%
31457,Dontrell Hilliard,Cle,RB,$0 ,0,0%,0,0,0%
31551,Jawill Davis,GB,WR,$0 ,0,0%,0,0,0%
28442,Ameer Abdullah,Min,RB,$0 ,0,0%,0,0,0%
30292,T.J. Logan,Ari,RB,$0 ,0,0%,0,0,0%
29475,Charone Peake,NYJ,WR,$0 ,0,0%,0,0,0%
31241,Roc Thomas,Min,RB,$0 ,0,0%,0,0,0%
26657,Justin Hunter,Pit,WR,$0 ,0,0%,0,0,0%
27135,Zach Line,NO,RB,$0 ,0,0%,0,0,0%
31157,Ray-Ray McCloud III,Buf,WR,$0 ,0,0%,0,0,0%
30959,Brandon Zylstra,Min,WR,$0 ,0,0%,0,0,0%
29410,Andy Janovich,Den,RB,$0 ,0,0%,0,0,0%
30352,Noah Brown,Dal,WR,$0 ,0,0%,0,0,0%
31082,Mark Walton,Mia,RB,$0 ,0,0%,0,0,0%
30165,DeShone Kizer,GB,QB,$0 ,0,0%,0,0,0%
28730,Damiere Byrd,Ari,WR,$0 ,0,0%,0,0,0%
31278,Shaun Wilson,TB,RB,$0 ,0,0%,0,0,0%
31769,KhaDarel Hodge,LAR,WR,$0 ,0,0%,0,0,0%
31228,Mike Boone,Min,RB,$0 ,0,0%,0,0,0%
29906,Elijhaa Penny,NYG,RB,$0 ,0,0%,0,0,0%
29680,Byron Marshall,Was,RB,$0 ,0,0%,0,0,0%
30955,River Cracraft,Den,WR,$0 ,0,0%,0,0,0%
28638,Trevor Siemian,NYJ,QB,$0 ,0,0%,0,0,0%
28535,Brett Hundley,Ari,QB,$0 ,0,0%,0,0,0%
30682,Marcus Kemp,KC,WR,$0 ,0,0%,0,0,0%
31114,Justin Watson,TB,WR,$0 ,0,0%,0,0,0%
24963,Dwayne Harris,Oak,WR,$0 ,0,0%,0,0,0%
30517,Ricky Ortiz,Atl,RB,$0 ,0,0%,0,0,0%
31103,J'Mon Moore,GB,WR,$0 ,0,0%,0,0,0%
29951,C.J. Ham,Min,RB,$0 ,0,0%,0,0,0%
26838,Tommy Bohanon,Jax,RB,$0 ,0,0%,0,0,0%
31486,Quadree Henderson,NYJ,WR,$0 ,0,0%,0,0,0%
28574,Geremy Davis,LAC,WR,$0 ,0,0%,0,0,0%
28475,Sammie Coates Jr.,KC,WR,$0 ,0,0%,0,0,0%
8297,Drew Stanton,Cle,QB,$0 ,0,0%,0,0,0%
26805,Kenjon Barner,Atl,RB,$0 ,0,0%,0,0,0%
25158,Patrick DiMarco,Buf,RB,$0 ,0,0%,0,0,0%
29978,Jaydon Mickens,Jax,WR,$0 ,0,0%,0,0,0%
27167,Benny Cunningham,Jax,RB,$0 ,0,0%,0,0,0%
9271,Darrius Heyward-Bey,Pit,WR,$0 ,0,0%,0,0,0%
29353,Tyler Ervin,Bal,RB,$0 ,0,0%,0,0,0%
31683,J.J. Jones,NYJ,WR,$0 ,0,0%,0,0,0%
5967,Josh McCown,NYJ,QB,$0 ,0,0%,0,0,0%
29396,Kevin Hogan,Den,QB,$0 ,0,0%,0,0,0%
26696,Mike Glennon,Oak,QB,$0 ,0,0%,0,0,0%
29821,Tre Madden,Sea,RB,$0 ,0,0%,0,0,0%
28068,Roosevelt Nix,Pit,RB,$0 ,0,0%,0,0,0%
29351,Pharoh Cooper,Ari,WR,$0 ,0,0%,0,0,0%
31537,Buddy Howell,Hou,RB,$0 ,0,0%,0,0,0%
30252,Jehu Chesson,Was,WR,$0 ,0,0%,0,0,0%
26535,Jamize Olawale,Dal,RB,$0 ,0,0%,0,0,0%
29327,Cody Kessler,Phi,QB,$0 ,0,0%,0,0,0%
9678,Chase Daniel,Chi,QB,$0 ,0,0%,0,0,0%
28141,Keith Smith,Oak,RB,$0 ,0,0%,0,0,0%
30592,Patrick Ricard,Bal,RB,$0 ,0,0%,0,0,0%
25295,Nick Bellore,Sea,RB,$0 ,0,0%,0,0,0%
8930,Matthew Slater,NE,WR,$0 ,0,0%,0,0,0%
30531,JoJo Natson,LAR,WR,$0 ,0,0%,0,0,0%
32479,Nick Fitzgerald,TB,QB,$0 ,0,0%,0,0,0%
29812,Trevone Boykin,Sea,QB,$0 ,0,0%,0,0,0%
32221,Brett Rypien,Den,QB,$0 ,0,0%,0,0,0%
27692,AJ McCarron,Hou,QB,$0 ,0,0%,0,0,0%
27742,Garrett Gilbert,Cle,QB,$0 ,0,0%,0,0,0%
32152,Drew Anderson,Ari,QB,$0 ,0,0%,0,0,0%
31365,J.T. Barrett IV,NO,QB,$0 ,0,0%,0,0,0%
31189,Danny Etling,NE,QB,$0 ,0,0%,0,0,0%
31828,Brandon Silvers,NYJ,QB,$0 ,0,0%,0,0,0%
31190,Alex McGough,Jax,QB,$0 ,0,0%,0,0,0%
30822,Kyle Sloter,Min,QB,$0 ,0,0%,0,0,0%
26738,Landry Jones,Oak,QB,$0 ,0,0%,0,0,0%
30366,Chad Kelly,Ind,QB,$0 ,0,0%,0,0,0%
31141,Mike White,Dal,QB,$0 ,0,0%,0,0,0%
26639,EJ Manuel,KC,QB,$0 ,0,0%,0,0,0%
27170,Tyler Bray,Chi,QB,$0 ,0,0%,0,0,0%
26949,Ryan Griffin,TB,QB,$0 ,0,0%,0,0,0%
8834,Chad Henne,KC,QB,$0 ,0,0%,0,0,0%
7406,Matt Cassel,Det,QB,$0 ,0,0%,0,0,0%
31490,Chase Litton,KC,QB,$0 ,0,0%,0,0,0%
31078,Kyle Lauletta,NYG,QB,$0 ,0,0%,0,0,0%
25712,Robert Griffin III,Bal,QB,$0 ,0,0%,0,0,0%
32235,Eric Dungey,NYG,QB,$0 ,0,0%,0,0,0%
30788,Cooper Rush,Dal,QB,$0 ,0,0%,0,0,0%
31301,Kyle Allen,Car,QB,$0 ,0,0%,0,0,0%
31803,John Wolford,LAR,QB,$0 ,0,0%,0,0,0%
32415,Tyree Jackson,Buf,QB,$0 ,0,0%,0,0,0%
32366,Kyle Shurmur,KC,QB,$0 ,0,0%,0,0,0%
31169,Luke Falk,NYJ,QB,$0 ,0,0%,0,0,0%
27711,David Fales,Det,QB,$0 ,0,0%,0,0,0%
9269,Mark Sanchez,Was,QB,$0 ,0,0%,0,0,0%
29373,Cardale Jones,LAC,QB,$0 ,0,0%,0,0,0%
24060,Colt McCoy,Was,QB,$0 ,0,0%,0,0,0%
29421,Nate Sudfeld,Phi,QB,$0 ,0,0%,0,0,0%
32327,Wilton Speight,SF,QB,$0 ,0,0%,0,0,0%
31999,Clayton Thorson,Phi,QB,$0 ,0,0%,0,0,0%
6849,Matt Schaub,Atl,QB,$0 ,0,0%,0,0,0%
23976,Sam Bradford,Ari,QB,$0 ,0,0%,0,0,0%
31695,Brogan Roback,Pit,QB,$0 ,0,0%,0,0,0%
29260,Paxton Lynch,Sea,QB,$0 ,0,0%,0,0,0%
26547,Alex Tanney,NYG,QB,$0 ,0,0%,0,0,0%
32010,Gardner Minshew,Jax,QB,$0 ,0,0%,0,0,0%
29425,Jake Rudock,Mia,QB,$0 ,0,0%,0,0,0%
31874,Drew Lock,Den,QB,$0 ,0,0%,0,0,0%
31932,Will Grier,Car,QB,$0 ,0,0%,0,0,0%
29334,Connor Cook,Det,QB,$0 ,0,0%,0,0,0%
32328,Taryn Christion,Sea,QB,$0 ,0,0%,0,0,0%
31046,Mason Rudolph,Pit,QB,$0 ,0,0%,0,0,0%
31998,Easton Stick,LAC,QB,$0 ,0,0%,0,0,0%
7389,Derek Anderson,Buf,QB,$0 ,0,0%,0,0,0%
32272,David Blough,Cle,QB,$0 ,0,0%,0,0,0%
32138,Jake Browning,Min,QB,$0 ,0,0%,0,0,0%
32464,Jake Dolegala,Cin,QB,$0 ,0,0%,0,0,0%
28463,Garrett Grayson,Den,QB,$0 ,0,0%,0,0,0%
32364,John Lovett,KC,QB,$0 ,0,0%,0,0,0%
32581,Devlin Hodges,Pit,QB,$0 ,0,0%,0,0,0%
32282,Manny Wilkins,GB,QB,$0 ,0,0%,0,0,0%
32584,Jalan McClendon,Bal,QB,$0 ,0,0%,0,0,0%
31336,Kurt Benkert,Atl,QB,$0 ,0,0%,0,0,0%
30200,Davis Webb,NYJ,QB,$0 ,0,0%,0,0,0%
29435,Brandon Allen,LAR,QB,$0 ,0,0%,0,0,0%
31431,Tim Boyle,GB,QB,$0 ,0,0%,0,0,0%
26721,Matt Barkley,Buf,QB,$0 ,0,0%,0,0,0%
31734,Luis Perez,Phi,QB,$0 ,0,0%,0,0,0%
31173,Tanner Lee,Jax,QB,$0 ,0,0%,0,0,0%
30538,Phillip Walker,Ind,QB,$0 ,0,0%,0,0,0%
31936,Ryan Finley,Cin,QB,$0 ,0,0%,0,0,0%
32363,T.J. Linta,KC,QB,$0 ,0,0%,0,0,0%
32029,Trace McSorley,Bal,QB,$0 ,0,0%,0,0,0%
25732,Brandon Weeden,Hou,QB,$0 ,0,0%,0,0,0%
31965,Jarrett Stidham,NE,QB,$0 ,0,0%,0,0,0%
29722,Joe Callahan,TB,QB,$0 ,0,0%,0,0,0%
31308,Charles Kanoff,Ari,QB,$0 ,0,0%,0,0,0%
31838,Daniel Jones,NYG,QB,$0 ,0,0%,0,0,0%
29870,Josh Woodrum,Was,QB,$0 ,0,0%,0,0,0%
31219,Logan Woodside,Ten,QB,$0 ,0,0%,0,0,0%
27790,David Fluellen,Ten,RB,$0 ,0,0%,0,0,0%
29432,Derek Watt,LAC,RB,$0 ,0,0%,0,0,0%
26299,Derrick Coleman,Ari,RB,$0 ,0,0%,0,0,0%
27663,Tom Savage,Det,QB,$0 ,0,0%,0,0,0%
28223,Senorise Perry,Buf,RB,$0 ,0,0%,0,0,0%
24912,Taiwan Jones,Hou,RB,$0 ,0,0%,0,0,0%
28477,Sean Mannion,Min,QB,$0 ,0,0%,0,0,0%
24797,Blaine Gabbert,TB,QB,$0 ,0,0%,0,0,0%
30284,Nathan Peterman,Oak,QB,$0 ,0,0%,0,0,0%
28839,Taylor Heinicke,Car,QB,$0 ,0,0%,0,0,0%
30614,Taysom Hill,NO,QB,$0 ,0,0%,0,0,0%
27560,Teddy Bridgewater,NO,QB,$0 ,0,0%,0,0,0%
29325,Jacoby Brissett,Ind,QB,$0 ,0,0%,0,0,0%
30248,Joshua Dobbs,Pit,QB,$0 ,0,0%,0,0,0%
9547,Brian Hoyer,NE,QB,$0 ,0,0%,0,0,0%
26662,Geno Smith,Sea,QB,$0 ,0,0%,0,0,0%
24175,Joe Webb III,Hou,QB,$0 ,0,0%,0,0,0%
